"case"	"exception"	"gene"	"network"
3	0	1	8
3	0	0	8
3	0	0	8
3	0	0	8
3	1	1	8
3	0	0	8
3	0	1	8
3	1	1	8
1	0	0	4
1	0	0	4
1	0	0	4
1	0	0	4
1	0	1	4
1	0	0	4
1	0	0	4
1	0	1	4
1	0	1	14
2	0	1	16
1	0	1	14
1	0	0	14
2	0	0	16
1	0	0	14
1	0	0	14
1	0	0	14
1	0	0	14
2	0	0	16
1	0	0	14
2	0	1	16
2	0	1	16
2	0	0	16
2	0	0	16
2	0	1	16
3	1	1	7
3	0	1	7
3	0	1	7
3	1	0	7
3	0	0	7
3	0	0	7
3	0	1	7
3	0	1	7
1	0	0	14
1	0	0	14
1	0	1	14
1	0	0	14
1	0	1	14
1	0	0	14
1	0	0	14
1	0	1	14
3	0	1	7
3	0	0	18
3	0	1	7
3	0	1	18
3	0	0	18
3	0	0	18
3	0	0	7
3	1	0	18
3	0	0	18
3	0	1	7
3	1	1	18
3	0	1	7
3	0	1	7
3	0	1	18
3	1	0	7
3	1	1	7
2	0	1	15
2	0	1	15
2	0	0	15
2	0	0	15
2	0	1	15
2	0	1	15
2	0	0	15
1	0	0	4
1	0	0	4
1	0	0	4
1	0	0	4
2	0	0	15
1	0	0	4
1	0	0	4
1	0	0	4
1	0	1	4
2	0	0	5
2	0	0	5
2	0	1	5
2	0	0	5
2	0	0	5
2	0	1	5
3	0	0	12
2	0	0	5
3	0	1	12
3	0	0	12
2	0	0	5
2	0	0	5
3	0	0	12
2	0	0	5
2	0	0	5
3	1	1	12
2	0	1	5
2	0	1	5
2	0	1	5
3	0	0	12
3	0	1	12
2	0	1	5
2	0	1	5
3	1	1	12
2	0	0	16
2	0	0	16
2	0	0	16
2	0	0	16
2	0	1	16
3	0	0	12
3	0	1	13
2	0	1	16
2	0	1	16
2	0	1	16
2	0	1	16
3	0	1	13
3	1	1	12
2	0	1	16
2	0	1	16
2	0	1	16
2	0	1	16
2	0	1	16
3	0	0	13
2	0	0	16
2	0	0	16
3	0	0	12
3	0	0	12
3	0	1	12
3	0	1	13
3	1	0	12
3	0	1	12
3	0	1	13
3	0	1	12
3	1	1	13
3	0	0	13
3	1	1	17
3	0	0	17
3	0	1	17
3	1	1	13
3	0	0	17
3	0	0	17
3	1	1	17
3	0	1	17
3	0	1	17
3	0	0	17
3	0	0	17
3	0	0	17
3	1	1	17
3	1	0	17
3	0	0	17
3	0	0	17
3	0	1	17
2	0	0	6
2	0	0	6
2	0	0	6
2	0	0	6
2	0	0	16
2	0	0	6
2	0	1	6
2	0	1	6
2	0	0	6
2	0	0	16
3	1	1	8
2	0	0	6
2	0	1	16
3	0	0	8
3	0	1	8
2	0	0	6
3	0	1	8
2	0	1	16
3	0	1	8
2	0	0	6
3	0	0	8
2	0	0	6
3	0	0	8
3	1	1	8
2	0	0	6
2	0	1	16
2	0	0	6
2	0	1	6
2	0	1	16
2	0	0	6
2	0	0	10
2	0	0	10
2	0	0	16
2	0	0	10
2	0	1	10
2	0	1	16
2	0	1	10
2	0	0	10
2	0	1	5
2	0	1	5
2	0	1	10
2	0	0	5
2	0	0	10
2	0	0	5
2	0	0	5
2	0	1	5
2	0	1	5
2	0	1	5
3	0	1	13
3	0	1	13
3	0	1	13
3	1	1	13
2	0	0	15
2	0	1	15
3	0	0	13
3	0	0	18
3	0	1	13
3	1	1	13
2	0	1	15
3	1	0	13
2	0	1	6
3	1	1	13
3	0	0	18
2	0	1	15
3	0	1	13
2	0	0	6
3	0	1	13
2	0	1	15
2	0	0	6
2	0	1	15
2	0	0	15
3	0	0	13
3	0	1	18
2	0	0	15
3	0	0	13
3	0	0	13
2	0	0	6
3	0	1	13
2	0	0	6
2	0	1	6
2	0	0	6
3	0	1	13
3	1	0	18
2	0	1	6
3	0	1	18
3	1	1	18
3	0	0	18
1	0	1	4
3	0	0	18
1	0	1	4
1	0	0	4
1	0	0	4
1	0	0	4
1	0	0	4
1	0	0	4
1	0	0	4
2	0	0	6
2	0	1	15
3	1	1	7
2	0	1	6
2	0	1	15
3	1	1	7
2	0	0	15
3	0	1	7
2	0	0	15
3	0	1	7
3	0	1	7
3	0	1	7
2	0	1	6
2	0	0	6
2	0	1	15
2	0	1	6
2	0	1	15
3	1	0	13
3	0	1	13
2	0	0	6
2	0	0	15
3	0	1	7
3	0	0	13
3	0	1	7
2	0	0	15
3	0	1	7
3	0	1	7
3	0	1	7
3	0	1	7
2	0	0	6
3	1	1	7
3	1	1	13
3	1	1	7
3	0	1	7
3	0	0	7
3	0	0	13
2	0	0	6
3	0	1	13
3	0	0	13
3	0	0	13
2	0	0	11
2	0	1	11
2	0	0	11
2	0	1	11
1	0	0	9
2	0	1	11
2	0	0	11
1	0	1	9
1	0	0	9
2	0	0	11
2	0	1	11
2	0	0	11
1	0	0	9
1	0	0	9
2	0	0	11
1	0	1	9
1	0	0	9
2	0	1	11
1	0	1	9
2	0	0	11
1	0	0	9
1	0	1	9
1	0	0	9
1	0	1	9
2	0	0	11
1	0	1	9
1	0	0	9
1	0	0	9
1	0	1	9
2	0	0	11
2	0	1	5
2	0	0	5
2	0	0	10
2	0	1	11
2	0	0	5
2	0	0	5
2	0	0	11
2	0	0	5
2	0	1	10
2	0	0	5
2	0	0	5
2	0	0	5
2	0	0	10
2	0	1	10
2	0	1	10
2	0	1	10
2	0	1	10
2	0	1	10
3	1	1	13
3	0	1	13
3	0	1	8
3	0	1	8
3	1	1	17
3	0	1	13
3	0	1	8
3	0	0	13
3	0	1	8
3	0	1	17
3	1	1	8
3	0	1	13
3	0	0	8
3	0	0	17
3	0	1	8
3	0	0	13
3	1	1	8
3	1	0	17
1	0	0	9
1	0	1	9
3	0	1	13
3	0	1	17
3	1	1	13
1	0	1	9
1	0	0	9
3	0	1	8
1	0	1	9
3	0	0	17
1	0	0	9
3	1	1	8
1	0	1	9
3	0	0	17
1	0	1	9
3	0	0	8
3	0	0	8
3	0	0	17
3	0	1	8
3	0	1	8
3	1	1	17
3	0	0	8
3	0	1	17
3	0	1	17
3	1	1	8
3	0	0	17
1	0	1	14
1	0	1	14
1	0	0	14
1	0	1	9
1	0	1	14
1	0	0	9
1	0	0	14
1	0	0	14
3	0	1	17
1	0	1	9
1	0	0	14
1	0	0	9
1	0	1	14
1	0	1	9
1	0	0	9
1	0	0	9
1	0	0	9
3	0	0	17
3	0	1	18
3	0	1	17
3	0	1	18
3	1	1	17
3	0	1	18
2	0	0	16
2	0	0	16
3	0	1	7
3	1	1	18
3	0	1	7
2	0	1	16
3	0	1	7
3	1	1	18
3	0	1	7
3	0	0	18
2	0	1	16
2	0	0	15
3	0	0	18
2	0	0	10
2	0	1	15
2	0	1	16
3	0	1	7
2	0	0	15
2	0	0	10
3	1	1	7
3	0	1	18
2	0	0	10
2	0	0	10
2	0	0	15
2	0	1	16
1	0	0	14
3	1	1	7
2	0	1	16
2	0	1	10
3	0	0	7
2	0	1	10
2	0	0	16
2	0	1	15
2	0	0	10
2	0	0	10
2	0	0	15
1	0	0	14
2	0	1	15
1	0	0	14
2	0	1	15
1	0	0	14
1	0	0	14
1	0	0	14
1	0	0	14
1	0	1	14
3	0	1	17
3	0	1	17
3	1	1	18
3	0	1	18
2	0	1	5
2	0	0	6
2	0	0	5
3	0	1	18
2	0	0	5
3	1	1	17
2	0	0	6
2	0	1	5
2	0	0	5
2	0	0	6
3	0	0	13
2	0	1	5
2	0	1	5
2	0	0	6
2	0	0	5
2	0	1	5
3	0	0	17
2	0	0	5
2	0	1	6
2	0	0	5
2	0	1	6
3	0	1	13
3	0	1	18
3	0	0	17
2	0	1	11
3	0	1	18
2	0	0	6
2	0	0	5
2	0	1	11
3	0	1	13
2	0	1	6
3	0	1	18
2	0	0	5
3	1	1	13
3	0	0	17
2	0	0	5
3	0	1	17
2	0	1	11
3	0	0	13
3	1	1	17
3	0	0	18
2	0	1	11
3	0	0	13
3	0	1	13
2	0	1	11
3	1	1	18
2	0	0	5
2	0	0	11
2	0	0	5
2	0	1	11
2	0	0	11
2	0	0	11
2	0	0	11
3	1	0	13
2	0	0	11
2	0	0	11
2	0	1	11
2	0	1	11
2	0	1	11
2	0	1	11
3	0	0	17
2	0	0	5
3	0	0	17
3	0	0	17
2	0	1	5
2	0	1	5
3	1	0	17
2	0	0	5
2	0	1	5
2	0	1	5
3	0	1	17
2	0	0	5
3	1	1	17
3	0	0	17
2	0	0	5
3	0	1	17
3	0	1	17
3	0	0	17
3	0	1	18
3	0	0	17
3	0	1	17
3	0	1	7
3	0	1	7
3	0	0	18
3	0	0	18
2	0	1	11
3	1	1	7
3	0	0	18
3	0	1	7
3	0	1	18
3	0	1	18
3	0	1	18
2	0	1	11
3	1	1	17
3	1	0	18
3	0	0	18
3	0	1	18
2	0	0	11
3	1	1	18
3	1	0	18
3	0	0	17
2	0	0	11
3	1	1	17
3	0	1	18
3	0	1	17
2	0	1	11
3	0	0	18
2	0	1	11
3	0	1	18
3	0	1	17
2	0	0	11
3	1	1	18
2	0	1	10
2	0	1	11
2	0	0	15
2	0	1	10
3	1	1	17
2	0	1	15
3	0	0	17
2	0	0	15
2	0	0	15
3	0	1	18
2	0	0	15
3	0	0	17
2	0	1	15
3	0	1	7
2	0	0	10
3	0	1	17
2	0	0	10
3	1	1	17
2	0	1	15
3	1	0	18
3	0	0	17
2	0	1	10
3	1	1	7
2	0	1	15
3	0	1	12
2	0	0	10
3	0	0	17
3	0	1	18
2	0	0	10
2	0	0	10
3	0	1	7
2	0	0	10
3	1	0	18
3	0	1	12
3	0	1	7
3	0	1	18
2	0	0	10
2	0	0	10
2	0	0	10
2	0	0	10
3	0	1	12
2	0	1	10
3	0	1	18
1	0	0	9
2	0	0	10
2	0	0	10
3	0	0	12
3	0	1	18
1	0	1	9
1	0	0	4
1	0	1	9
3	0	0	18
1	0	0	4
3	0	0	12
1	0	1	4
1	0	1	9
1	0	0	4
1	0	1	9
3	1	1	12
1	0	0	4
3	1	0	12
1	0	0	9
1	0	0	4
1	0	0	9
1	0	0	4
3	0	0	12
1	0	0	4
1	0	0	9
2	0	1	11
3	0	1	13
2	0	0	11
3	0	1	13
2	0	0	11
2	0	1	11
3	0	0	13
2	0	1	11
2	0	0	11
3	0	0	13
2	0	1	11
3	0	1	13
2	0	0	6
3	0	1	13
2	0	1	11
3	1	1	13
2	0	0	6
1	0	1	9
3	1	1	13
1	0	0	9
2	0	0	6
1	0	0	9
1	0	0	9
2	0	1	16
1	0	0	9
2	0	1	16
2	0	0	6
1	0	1	9
1	0	0	9
2	0	0	6
1	0	1	9
2	0	1	5
1	0	0	4
2	0	0	16
2	0	1	10
2	0	1	6
2	0	0	10
2	0	1	16
1	0	0	4
2	0	0	6
2	0	1	10
1	0	0	4
2	0	0	6
2	0	1	16
1	0	0	4
1	0	0	4
2	0	0	5
2	0	1	16
2	0	0	10
2	0	0	10
1	0	0	4
2	0	1	10
2	0	0	10
1	0	0	4
2	0	0	10
2	0	0	16
2	0	0	10
2	0	0	10
2	0	0	5
2	0	1	10
2	0	0	16
2	0	0	10
1	0	0	4
2	0	1	5
2	0	0	10
2	0	0	5
2	0	1	10
1	0	1	4
2	0	1	5
2	0	0	10
1	0	0	4
2	0	0	5
2	0	1	10
2	0	1	5
1	0	0	4
1	0	1	4
2	0	1	5
2	0	0	5
1	0	1	4
2	0	0	5
1	0	0	4
1	0	0	4
1	0	1	4
1	0	0	4
1	0	0	4
1	0	0	4
1	0	0	4
2	0	0	5
1	0	0	4
1	0	1	4
1	0	1	4
1	0	0	4
3	0	0	12
2	0	1	5
3	0	0	12
2	0	1	5
2	0	0	5
2	0	1	5
3	0	0	12
3	0	1	8
3	0	1	12
3	1	1	12
3	1	1	12
3	1	1	12
3	0	0	12
3	0	1	8
2	0	0	15
3	0	1	8
3	0	0	18
2	0	1	15
3	0	0	18
3	0	1	12
2	0	0	15
3	0	0	8
3	0	1	12
3	0	1	18
3	0	0	8
3	0	0	12
2	0	1	16
3	0	1	18
3	1	0	12
3	0	1	8
3	0	0	12
3	1	0	8
3	1	1	18
2	0	0	16
3	0	0	12
3	1	1	8
3	0	0	12
2	0	0	16
3	1	0	18
2	0	0	10
3	0	0	12
2	0	1	16
3	0	0	18
2	0	0	15
2	0	0	10
1	0	1	4
2	0	0	16
1	0	1	4
2	0	1	10
2	0	1	15
1	0	0	4
1	0	0	4
2	0	0	16
2	0	1	10
1	0	0	4
3	0	0	18
2	0	1	16
1	0	0	4
2	0	0	15
1	0	0	4
1	0	0	4
2	0	1	10
2	0	1	16
2	0	1	15
2	0	0	10
2	0	0	15
2	0	1	10
2	0	0	10
2	0	0	16
2	0	0	16
2	0	1	16
2	0	1	16
3	0	0	12
2	0	0	16
3	0	0	12
2	0	0	16
2	0	1	16
1	0	0	14
3	0	1	17
2	0	1	16
1	0	1	14
1	0	0	14
2	0	0	15
3	1	1	17
1	0	1	14
2	0	0	15
3	1	0	17
1	0	1	14
3	1	0	12
1	0	1	14
3	0	0	17
2	0	1	15
1	0	0	14
1	0	0	14
3	0	0	17
3	0	1	12
3	0	0	17
3	0	0	12
3	0	1	12
3	0	0	17
3	0	1	13
3	0	0	12
3	0	1	17
3	1	1	13
3	1	1	12
3	0	0	12
3	0	0	13
3	0	0	12
2	0	0	15
3	0	1	12
3	0	1	12
3	0	0	13
3	1	1	13
2	0	0	15
3	1	1	12
2	0	1	15
3	0	0	13
3	0	1	12
3	1	1	12
3	1	0	13
2	0	1	15
3	0	0	12
2	0	0	15
2	0	0	15
3	0	1	13
3	0	0	13
2	0	0	15
3	0	0	13
2	0	1	15
3	0	1	13
2	0	0	15
3	0	0	13
3	0	1	13
2	0	0	15
2	0	0	11
2	0	1	15
2	0	0	15
2	0	0	11
2	0	0	15
3	0	1	13
2	0	0	11
3	1	1	13
2	0	1	11
1	0	1	14
1	0	0	14
3	0	1	13
2	0	0	11
1	0	1	14
1	0	0	14
2	0	1	11
1	0	0	14
2	0	0	11
1	0	0	14
2	0	1	11
1	0	0	14
1	0	1	14
1	0	1	9
1	0	1	9
3	0	1	8
1	0	1	9
3	1	1	12
1	0	0	9
3	0	0	8
1	0	1	9
3	0	0	12
1	0	0	9
3	0	0	8
3	0	1	12
1	0	0	9
1	0	1	9
3	0	0	12
3	0	1	8
1	0	0	9
3	0	0	12
1	0	0	9
1	0	1	9
1	0	0	9
3	1	1	8
3	1	1	12
3	1	0	8
3	0	0	18
3	0	0	8
3	0	0	12
3	1	0	18
3	0	1	8
3	0	1	18
3	0	1	12
2	0	1	10
3	0	0	18
2	0	0	10
3	1	0	18
1	0	0	9
3	0	1	18
3	0	1	18
2	0	0	10
1	0	1	9
3	0	0	18
2	0	0	10
1	0	0	9
1	0	0	9
2	0	1	16
2	0	1	10
2	0	1	16
2	0	0	10
2	0	1	10
2	0	0	16
2	0	0	16
2	0	0	10
2	0	0	16
2	0	0	11
2	0	1	16
2	0	0	11
2	0	1	16
2	0	1	11
2	0	0	16
2	0	1	6
2	0	1	11
2	0	0	10
2	0	0	6
2	0	0	11
2	0	1	10
2	0	1	11
2	0	0	10
2	0	0	6
2	0	0	6
2	0	0	10
2	0	0	11
2	0	0	6
2	0	1	6
2	0	0	11
2	0	0	6
2	0	1	10
2	0	1	6
2	0	1	6
2	0	0	10
2	0	0	6
3	0	1	13
2	0	1	10
2	0	0	6
3	0	0	13
2	0	1	6
3	1	1	13
2	0	0	10
3	0	0	13
2	0	1	6
3	0	1	13
2	0	1	6
2	0	1	6
3	0	0	13
2	0	0	6
3	1	1	13
3	0	0	13
3	1	1	13
2	0	0	6
2	0	0	6
2	0	1	6
2	0	0	6
3	0	0	13
2	0	0	6
2	0	0	6
3	0	0	13
3	0	0	13
2	0	0	6
2	0	0	6
3	0	1	13
3	0	0	7
2	0	0	6
2	0	0	6
2	0	0	6
3	0	1	13
2	0	0	6
3	0	1	7
3	1	1	13
2	0	1	6
3	0	1	8
2	0	0	6
2	0	0	6
3	0	1	8
3	1	0	7
3	0	0	7
2	0	1	6
3	0	0	8
3	0	1	8
3	0	1	13
3	0	1	8
3	0	1	7
3	1	1	8
1	0	0	14
3	1	1	7
1	0	1	14
1	0	0	14
3	0	0	7
1	0	1	14
3	0	0	8
3	0	1	7
1	0	0	14
1	0	0	14
3	1	0	8
1	0	0	14
1	0	0	14
2	0	1	5
2	0	0	5
2	0	1	5
2	0	0	5
2	0	0	5
2	0	1	16
2	0	0	10
2	0	1	5
2	0	0	5
2	0	0	16
2	0	0	10
2	0	1	16
2	0	1	10
2	0	0	16
3	1	1	8
2	0	1	10
3	0	0	8
2	0	1	16
2	0	0	10
3	0	1	8
2	0	0	10
3	0	0	8
2	0	0	5
3	0	0	8
2	0	0	10
2	0	1	10
3	0	1	8
2	0	0	16
3	0	1	8
2	0	0	5
2	0	0	16
3	1	1	8
2	0	1	10
2	0	1	11
2	0	0	5
1	0	0	4
2	0	1	16
1	0	0	4
2	0	0	10
1	0	0	4
2	0	0	5
2	0	1	11
1	0	1	4
2	0	0	10
1	0	1	4
2	0	0	15
2	0	0	5
1	0	0	4
2	0	1	11
2	0	0	10
1	0	1	4
1	0	1	4
2	0	0	11
2	0	0	10
2	0	1	16
2	0	1	5
2	0	1	10
2	0	1	11
2	0	0	15
2	0	0	16
2	0	1	5
2	0	1	11
2	0	1	10
2	0	0	15
2	0	1	11
2	0	0	16
2	0	1	5
2	0	0	15
2	0	0	15
2	0	1	10
2	0	1	16
2	0	1	15
2	0	0	5
2	0	1	16
2	0	0	11
2	0	0	15
3	1	1	8
2	0	0	16
2	0	1	15
3	0	1	8
3	0	1	7
2	0	1	16
3	0	1	7
2	0	1	16
3	1	0	7
3	0	1	8
3	0	1	7
3	0	1	8
3	0	1	7
3	0	0	8
3	0	1	7
3	0	1	7
3	0	0	13
3	0	1	7
3	1	1	7
3	0	1	7
3	1	0	7
3	1	1	8
3	0	1	7
3	1	1	7
3	0	1	7
3	0	0	7
3	0	0	7
3	0	0	8
3	1	1	13
2	0	0	6
3	0	0	8
3	0	0	13
2	0	0	6
3	0	1	13
3	0	0	12
2	0	0	6
1	0	0	9
3	0	1	7
3	1	0	13
3	1	0	12
1	0	0	9
3	0	0	12
3	0	1	13
2	0	0	6
1	0	1	9
3	0	1	13
3	0	0	13
3	0	1	13
3	0	1	12
1	0	0	9
3	0	1	13
3	0	1	8
3	0	1	13
1	0	0	9
3	0	1	12
2	0	0	6
3	1	1	7
3	1	1	13
3	0	1	12
3	0	1	8
1	0	0	9
1	0	1	9
3	0	1	12
3	1	1	8
2	0	1	6
3	0	0	13
3	1	1	7
3	0	0	13
3	1	1	12
1	0	0	9
2	0	1	16
2	0	0	6
3	0	1	8
2	0	0	15
2	0	0	16
3	0	1	7
3	1	1	13
2	0	0	16
3	0	1	8
2	0	0	6
2	0	0	15
3	0	0	13
3	0	1	7
3	1	1	8
3	0	1	7
2	0	1	15
3	0	1	7
2	0	0	16
3	0	0	7
3	0	1	7
2	0	1	16
2	0	1	15
3	0	0	8
3	0	0	7
2	0	1	16
2	0	1	15
3	0	1	7
2	0	1	16
3	0	1	8
2	0	1	15
2	0	0	16
2	0	1	15
3	0	1	7
2	0	0	15
3	0	1	7
3	0	1	7
1	0	0	9
3	1	1	7
1	0	1	9
1	0	0	9
1	0	0	9
3	1	1	7
1	0	0	9
1	0	0	14
1	0	1	9
1	0	0	14
1	0	0	9
1	0	0	14
1	0	0	14
1	0	0	9
1	0	1	14
1	0	0	14
1	0	0	14
1	0	0	14
3	0	1	12
2	0	1	16
3	0	0	12
2	0	1	16
2	0	0	5
2	0	0	16
2	0	1	16
2	0	0	5
3	1	1	12
1	0	1	14
2	0	1	16
3	0	1	18
2	0	1	16
1	0	1	14
2	0	0	5
3	1	0	12
1	0	0	14
2	0	0	16
1	0	0	14
2	0	1	16
2	0	0	5
2	0	1	16
3	1	0	18
1	0	1	14
3	0	0	12
2	0	1	16
2	0	0	5
1	0	0	14
1	0	0	14
3	0	1	18
2	0	0	16
3	0	1	12
2	0	1	16
1	0	0	14
2	0	1	5
3	0	0	12
2	0	1	16
2	0	1	16
1	0	0	14
2	0	0	5
3	0	0	18
3	0	0	12
1	0	1	14
2	0	0	16
2	0	0	16
2	0	1	5
1	0	0	14
3	0	1	18
1	0	0	14
1	0	0	14
1	0	0	14
1	0	0	14
1	0	0	14
1	0	0	14
3	0	1	18
1	0	0	14
1	0	0	14
1	0	0	14
3	0	0	18
1	0	0	14
1	0	0	4
1	0	1	14
1	0	0	4
1	0	0	14
1	0	0	14
1	0	0	4
1	0	0	14
1	0	1	4
1	0	1	14
3	1	1	18
1	0	0	14
1	0	0	4
1	0	0	14
1	0	1	14
1	0	0	4
1	0	0	4
1	0	0	4
1	0	0	14
1	0	0	14
1	0	0	14
1	0	0	9
1	0	0	9
3	0	0	12
2	0	0	6
1	0	0	9
1	0	0	9
1	0	1	9
2	0	0	6
3	0	0	12
1	0	0	9
3	1	1	12
1	0	0	9
3	1	1	18
1	0	1	9
3	0	0	12
2	0	0	15
2	0	0	6
3	0	0	12
2	0	0	15
2	0	0	5
2	0	1	6
3	1	0	18
2	0	1	6
3	0	1	12
2	0	0	5
3	0	1	12
2	0	0	15
1	0	0	4
3	0	1	18
2	0	1	6
3	0	1	18
3	1	1	12
2	0	1	5
3	0	0	18
3	0	0	17
1	0	0	4
3	0	1	18
2	0	1	6
3	0	1	18
2	0	0	5
1	0	0	4
1	0	0	4
3	0	1	18
2	0	0	15
1	0	0	4
2	0	1	6
1	0	0	4
2	0	0	5
1	0	1	4
3	0	1	17
2	0	0	15
3	1	1	12
1	0	0	4
2	0	1	5
3	0	1	17
2	0	1	15
1	0	0	4
3	1	0	12
1	0	0	4
2	0	1	5
1	0	1	4
3	1	1	17
1	0	0	4
2	0	1	5
1	0	0	4
3	0	1	17
2	0	1	15
2	0	0	10
1	0	1	4
3	1	1	17
2	0	0	10
1	0	0	4
3	0	0	12
2	0	1	10
3	0	0	17
2	0	0	15
2	0	1	10
3	0	1	17
1	0	1	4
2	0	0	10
3	0	0	12
3	0	1	12
2	0	0	10
3	0	0	12
2	0	0	10
2	0	0	10
3	0	1	12
3	0	0	8
3	0	0	8
3	0	0	12
3	0	1	8
3	1	1	8
1	0	0	9
3	1	1	8
1	0	1	9
1	0	1	9
3	0	1	8
1	0	0	9
1	0	1	9
3	0	0	8
1	0	0	9
1	0	1	9
1	0	1	9
2	0	1	11
2	0	0	11
3	0	1	8
2	0	0	11
2	0	0	11
2	0	1	11
2	0	1	11
2	0	1	11
2	0	1	11
3	0	1	12
3	1	1	7
3	0	1	12
2	0	0	11
3	0	1	12
2	0	0	11
2	0	0	11
3	1	1	7
3	0	1	12
2	0	1	11
3	0	0	12
3	1	1	12
3	0	1	7
2	0	0	11
2	0	0	11
2	0	1	11
3	0	1	12
2	0	1	6
3	0	1	7
2	0	0	11
3	1	0	12
3	1	1	12
3	0	0	12
3	0	1	7
2	0	0	6
2	0	1	11
2	0	1	6
3	0	0	12
3	0	0	12
2	0	0	6
3	0	0	12
3	0	1	12
3	0	1	7
3	1	0	12
2	0	1	6
3	0	0	8
3	0	1	12
3	0	1	7
2	0	0	6
3	0	1	18
2	0	0	11
3	0	0	8
3	0	1	18
3	0	1	7
3	0	1	8
2	0	1	11
2	0	0	6
3	0	1	8
3	0	0	18
3	0	0	18
3	1	1	8
2	0	1	6
2	0	0	11
3	1	1	8
3	0	0	18
3	0	1	8
3	0	0	18
2	0	1	11
3	1	1	18
2	0	0	11
3	0	0	8
3	1	0	18
2	0	1	11
3	0	1	18
2	0	1	11
3	0	1	18
2	0	1	15
3	0	1	18
2	0	1	15
3	1	1	18
3	1	0	18
2	0	1	15
3	0	0	18
3	0	0	18
2	0	0	15
3	0	1	18
2	0	0	15
3	0	1	7
2	0	0	15
3	1	1	7
2	0	0	15
3	1	1	7
3	1	1	7
3	0	1	7
2	0	0	15
3	0	1	7
2	0	0	10
2	0	1	15
3	0	1	7
2	0	1	15
2	0	0	10
2	0	1	15
2	0	0	15
2	0	0	10
3	0	1	7
2	0	1	15
2	0	1	10
3	0	0	7
3	0	1	7
2	0	1	15
2	0	0	15
2	0	1	15
3	0	1	7
3	1	1	13
3	0	0	7
2	0	1	15
2	0	0	15
3	0	0	13
3	0	1	7
2	0	0	15
2	0	0	15
2	0	0	15
3	0	0	7
3	0	1	13
3	1	1	7
2	0	1	15
2	0	0	15
2	0	0	10
3	1	1	13
3	0	1	7
2	0	1	15
3	0	1	8
2	0	1	10
3	0	0	13
2	0	0	10
1	0	0	9
1	0	0	9
3	1	1	8
3	0	0	13
1	0	0	9
2	0	1	10
1	0	0	9
1	0	1	9
3	0	1	8
3	0	1	13
1	0	1	9
1	0	0	9
3	0	1	13
1	0	0	9
3	0	0	8
3	1	1	8
2	0	0	5
3	0	1	8
2	0	0	5
3	0	0	8
3	0	0	8
2	0	1	5
2	0	1	5
2	0	1	11
2	0	1	5
2	0	1	11
2	0	1	11
2	0	0	5
2	0	1	11
2	0	1	11
2	0	0	11
2	0	0	5
2	0	0	5
2	0	0	11
2	0	1	11
2	0	0	11
3	0	0	17
2	0	1	11
2	0	0	11
3	0	0	17
2	0	0	11
2	0	1	11
3	0	1	17
2	0	0	11
2	0	0	11
3	0	1	7
3	1	0	17
2	0	0	11
3	1	1	17
3	0	0	7
3	0	1	17
2	0	0	6
3	0	0	17
3	0	1	7
2	0	0	6
2	0	1	16
3	1	1	7
2	0	0	6
3	1	1	17
3	0	0	7
2	0	1	16
3	0	1	17
3	0	1	17
3	0	1	7
2	0	0	6
3	0	1	7
3	0	0	17
2	0	0	6
2	0	0	16
3	0	1	17
2	0	1	15
3	1	1	7
2	0	1	6
3	1	1	17
2	0	1	16
2	0	0	6
2	0	1	16
2	0	0	15
3	0	0	17
2	0	0	11
2	0	1	6
3	0	0	17
2	0	1	15
2	0	0	11
2	0	1	16
3	0	0	17
2	0	1	16
2	0	1	11
2	0	1	11
1	0	0	4
2	0	0	10
1	0	0	4
2	0	0	15
2	0	0	16
2	0	0	11
2	0	0	10
1	0	0	4
2	0	0	11
2	0	0	15
1	0	0	4
2	0	1	10
2	0	1	11
1	0	1	4
1	0	0	4
2	0	0	10
2	0	0	11
1	0	1	4
2	0	0	15
2	0	1	10
1	0	1	4
2	0	0	10
2	0	1	10
2	0	0	10
2	0	1	15
2	0	1	15
3	0	0	7
1	0	0	14
3	0	1	7
1	0	1	14
3	1	1	7
3	0	1	7
1	0	0	14
3	0	0	7
2	0	1	15
3	1	1	7
3	0	1	7
1	0	0	14
2	0	0	15
3	0	1	7
1	0	0	14
2	0	0	6
2	0	0	15
2	0	1	6
3	1	1	17
1	0	0	14
2	0	0	15
3	0	1	17
2	0	0	6
1	0	0	14
3	0	1	17
2	0	0	15
2	0	0	6
1	0	0	14
1	0	1	4
3	1	1	17
2	0	1	6
1	0	1	4
2	0	0	15
1	0	0	4
3	0	1	17
1	0	1	4
2	0	0	6
3	0	0	17
1	0	1	4
2	0	0	6
2	0	1	15
1	0	1	4
3	0	0	17
2	0	0	6
1	0	0	4
1	0	0	4
2	0	0	15
3	0	0	17
3	1	1	13
3	0	1	13
2	0	1	5
2	0	1	5
3	0	1	13
2	0	0	5
3	0	0	13
2	0	0	5
2	0	1	5
3	0	0	13
2	0	1	5
2	0	1	5
3	0	1	8
1	0	0	9
1	0	0	9
3	1	1	8
2	0	0	5
1	0	0	9
3	1	1	13
1	0	0	9
3	0	0	8
3	0	1	17
2	0	1	10
1	0	1	9
1	0	0	9
3	0	1	8
2	0	0	10
1	0	0	9
2	0	1	10
3	0	0	13
1	0	0	9
3	0	1	17
3	1	1	8
2	0	0	10
2	0	0	10
3	0	1	8
3	0	0	13
2	0	0	10
3	0	0	17
3	0	0	8
2	0	0	10
3	0	0	17
3	0	1	8
2	0	1	10
3	0	0	17
3	0	1	17
3	1	1	17
3	1	0	17
3	0	1	12
3	0	1	12
3	1	1	12
3	0	1	12
2	0	0	6
3	1	1	12
2	0	0	6
3	0	1	12
2	0	0	6
3	1	1	18
3	0	0	12
3	0	1	18
2	0	0	6
3	0	1	12
3	1	0	18
3	0	0	18
2	0	0	6
3	1	0	18
3	0	1	18
2	0	1	6
3	0	0	18
3	0	1	18
3	1	1	18
2	0	1	6
3	0	0	12
3	0	0	7
3	0	0	18
3	0	1	18
2	0	0	6
3	0	1	7
3	0	0	12
3	0	1	18
3	0	0	18
3	0	0	18
3	1	1	7
3	1	0	12
3	0	1	18
3	0	1	12
3	0	1	12
3	0	0	7
3	0	0	12
3	0	1	18
3	0	1	12
3	0	1	7
2	0	0	5
2	0	0	5
3	0	0	7
3	1	1	12
2	0	1	5
2	0	0	5
2	0	0	16
3	1	1	7
2	0	0	16
2	0	0	5
2	0	1	15
2	0	1	16
3	0	0	7
2	0	1	5
2	0	1	16
2	0	0	5
3	1	1	8
2	0	0	15
2	0	0	16
1	0	1	14
1	0	1	14
2	0	0	5
3	0	0	8
1	0	0	14
2	0	0	15
3	0	1	8
2	0	1	16
1	0	0	14
3	0	1	8
2	0	0	16
3	0	0	8
1	0	0	14
3	0	0	17
2	0	0	15
3	0	1	8
3	0	1	8
2	0	1	16
2	0	0	15
1	0	0	14
3	1	1	17
1	0	1	14
2	0	1	15
3	1	1	8
3	0	0	17
1	0	0	14
1	0	1	4
3	1	1	17
2	0	0	15
3	0	0	17
1	0	0	4
3	0	0	17
2	0	0	15
2	0	1	15
1	0	1	4
3	0	1	17
3	0	1	17
1	0	0	4
2	0	0	15
1	0	0	4
2	0	0	10
1	0	0	4
2	0	0	15
1	0	0	4
2	0	0	10
2	0	0	10
1	0	0	4
2	0	1	15
2	0	1	10
2	0	0	5
2	0	0	5
2	0	0	15
2	0	0	10
2	0	1	5
2	0	1	15
1	0	1	4
2	0	1	10
1	0	0	4
2	0	0	5
3	0	0	13
2	0	1	10
3	1	1	13
2	0	0	15
1	0	1	4
2	0	0	5
2	0	1	10
1	0	1	4
2	0	0	5
2	0	0	15
1	0	1	4
2	0	0	5
1	0	0	4
2	0	1	5
1	0	0	4
1	0	1	4
3	0	0	18
3	0	1	7
3	0	1	7
3	0	0	7
3	1	1	18
3	1	1	7
3	0	1	7
3	1	1	7
3	0	0	17
3	0	1	18
3	0	0	7
3	0	1	7
3	0	1	17
3	0	1	18
3	0	0	17
3	0	1	18
3	0	0	17
3	0	0	18
3	1	1	17
3	0	0	8
3	0	0	17
3	0	0	18
3	1	0	18
3	0	0	17
3	1	1	13
3	1	0	17
3	0	1	8
2	0	0	11
3	1	1	8
2	0	0	11
3	0	1	8
2	0	1	11
3	0	1	8
2	0	1	16
2	0	0	11
3	1	1	8
3	1	1	8
3	0	1	8
3	0	0	8
2	0	1	16
3	0	0	8
3	0	1	8
2	0	1	16
3	0	0	8
2	0	0	11
3	0	1	8
2	0	0	11
2	0	1	16
3	0	0	8
2	0	1	11
3	0	1	8
3	0	0	13
2	0	1	11
3	1	1	8
2	0	0	15
2	0	0	16
2	0	0	15
2	0	1	16
3	0	0	13
2	0	1	11
2	0	1	16
3	0	1	13
2	0	0	16
2	0	0	11
2	0	0	15
2	0	0	16
3	0	1	13
2	0	1	15
3	0	1	13
2	0	1	11
1	0	0	14
2	0	0	16
1	0	0	14
2	0	0	15
1	0	0	14
2	0	1	11
2	0	0	16
2	0	0	15
1	0	1	14
2	0	0	16
2	0	0	16
2	0	0	11
2	0	1	16
1	0	0	14
1	0	0	14
2	0	0	11
2	0	1	15
2	0	1	16
2	0	0	15
2	0	0	11
1	0	1	14
1	0	0	14
2	0	0	16
1	0	0	14
2	0	0	11
1	0	0	14
1	0	1	14
3	1	1	12
3	1	1	12
1	0	0	14
3	0	0	12
3	0	1	12
1	0	1	14
2	0	0	16
3	0	1	12
2	0	0	16
3	0	1	12
1	0	1	14
3	0	0	12
2	0	0	15
3	0	1	12
2	0	0	16
1	0	1	14
2	0	1	15
2	0	0	16
1	0	0	14
2	0	1	15
2	0	0	16
2	0	1	15
2	0	1	15
3	1	0	17
2	0	0	5
2	0	1	16
2	0	0	15
2	0	0	6
2	0	1	5
2	0	0	15
3	1	1	13
2	0	1	16
2	0	0	6
2	0	0	5
2	0	0	16
3	0	1	13
2	0	1	6
2	0	1	5
2	0	0	16
2	0	0	6
2	0	0	5
2	0	1	15
2	0	0	16
3	0	0	13
3	0	0	17
2	0	0	6
2	0	1	5
3	1	1	13
2	0	0	6
3	0	0	17
3	0	1	13
2	0	1	5
2	0	0	16
2	0	0	5
3	0	1	13
2	0	1	6
2	0	1	16
3	0	1	13
1	0	1	9
2	0	0	6
2	0	1	16
3	0	0	17
3	0	0	13
1	0	0	9
3	1	1	17
1	0	1	9
2	0	0	16
2	0	0	16
1	0	0	9
2	0	0	5
3	0	1	17
2	0	1	16
1	0	1	9
2	0	0	5
1	0	0	9
1	0	0	9
2	0	1	5
1	0	0	9
2	0	0	5
3	0	0	17
2	0	0	5
3	0	0	17
1	0	0	9
2	0	0	5
2	0	0	11
1	0	0	9
2	0	0	5
1	0	0	9
2	0	1	11
1	0	0	9
2	0	0	5
1	0	1	9
2	0	1	11
3	0	0	12
1	0	0	9
2	0	0	11
1	0	0	9
3	0	1	12
1	0	0	9
2	0	0	11
2	0	0	11
3	0	0	12
2	0	1	11
3	1	0	12
2	0	1	11
3	0	0	12
2	0	1	11
2	0	1	11
2	0	0	11
2	0	0	11
3	1	1	12
3	0	1	12
2	0	1	11
1	0	0	4
2	0	1	11
1	0	0	4
2	0	0	11
3	0	1	12
3	0	0	17
1	0	0	4
2	0	1	11
1	0	1	9
1	0	0	4
1	0	0	4
1	0	0	9
1	0	0	4
1	0	0	9
1	0	0	4
3	0	0	17
1	0	0	4
1	0	0	9
2	0	1	11
3	0	1	17
1	0	1	9
1	0	0	9
1	0	0	9
1	0	1	9
2	0	0	11
3	1	0	17
2	0	0	11
2	0	1	10
2	0	1	11
2	0	0	10
1	0	1	4
2	0	0	11
2	0	0	10
3	1	1	17
1	0	0	4
2	0	1	10
1	0	1	4
2	0	1	11
1	0	0	4
1	0	0	9
2	0	1	11
1	0	1	4
3	0	1	17
1	0	0	4
2	0	1	11
1	0	0	4
1	0	0	4
1	0	0	9
3	0	0	17
2	0	1	10
3	0	0	17
1	0	0	9
2	0	0	10
2	0	0	10
1	0	0	14
3	0	0	17
1	0	1	14
1	0	0	14
1	0	0	9
2	0	1	10
1	0	0	9
3	1	1	17
1	0	0	14
1	0	1	9
1	0	0	14
1	0	1	9
3	0	1	17
1	0	0	9
1	0	0	14
1	0	0	9
3	0	0	17
1	0	1	14
1	0	0	9
1	0	0	9
1	0	0	14
3	0	1	17
1	0	0	9
1	0	1	9
1	0	1	9
3	0	0	17
3	0	0	17
1	0	1	9
3	1	1	17
1	0	1	9
2	0	0	6
1	0	0	9
1	0	0	9
2	0	0	6
1	0	0	9
1	0	1	9
1	0	0	9
1	0	0	9
1	0	0	9
2	0	1	6
1	0	1	9
1	0	1	9
1	0	0	9
1	0	1	9
1	0	1	9
1	0	0	9
1	0	1	9
1	0	0	9
1	0	0	9
2	0	1	6
2	0	1	6
3	0	1	8
2	0	0	10
2	0	1	10
2	0	1	10
3	0	0	8
2	0	0	6
2	0	0	10
3	0	0	8
2	0	0	10
3	1	1	8
2	0	0	6
2	0	0	10
3	1	1	8
3	0	0	18
3	1	0	13
2	0	0	5
2	0	0	10
3	0	0	8
2	0	1	10
3	0	1	13
3	0	1	8
3	0	1	13
2	0	1	5
3	0	1	18
2	0	0	6
3	0	1	8
3	0	1	13
3	0	0	18
3	1	1	13
3	0	1	13
3	0	1	18
3	0	0	13
3	0	0	13
2	0	1	5
3	1	0	18
3	0	1	18
2	0	1	5
3	0	1	18
3	1	1	18
2	0	0	5
2	0	1	5
2	0	1	5
2	0	1	5
2	0	0	16
2	0	0	16
1	0	0	14
1	0	0	4
2	0	1	16
2	0	1	11
1	0	1	14
1	0	0	4
2	0	1	16
1	0	0	14
1	0	0	4
1	0	0	14
2	0	0	16
2	0	0	11
1	0	0	4
2	0	0	16
1	0	0	4
2	0	1	16
1	0	0	4
1	0	0	14
2	0	1	16
2	0	0	15
1	0	1	4
1	0	0	14
1	0	0	14
1	0	0	4
2	0	0	11
1	0	0	14
1	0	0	14
1	0	0	14
1	0	0	14
2	0	0	15
2	0	0	11
1	0	1	14
1	0	0	14
1	0	0	14
2	0	0	11
1	0	0	14
2	0	0	15
1	0	1	14
2	0	1	11
2	0	0	15
2	0	0	11
2	0	1	11
2	0	1	15
3	1	1	12
2	0	0	15
3	1	1	12
2	0	1	16
2	0	1	15
2	0	0	16
3	0	0	12
2	0	0	16
3	0	0	18
2	0	0	16
3	0	0	12
3	0	1	18
2	0	1	16
2	0	0	5
3	0	0	18
2	0	1	16
3	0	1	12
2	0	0	5
1	0	0	4
3	0	1	18
1	0	0	4
1	0	0	14
3	0	1	12
2	0	0	5
1	0	1	4
2	0	0	6
3	1	0	18
3	0	0	12
1	0	0	4
2	0	0	5
3	1	1	18
1	0	0	14
2	0	0	15
1	0	1	4
2	0	1	6
2	0	0	16
1	0	0	4
2	0	0	5
3	0	1	12
3	0	1	18
1	0	1	4
1	0	0	14
1	0	0	4
3	0	0	18
2	0	0	16
2	0	0	6
3	1	1	13
2	0	1	5
3	0	0	18
2	0	0	5
2	0	0	6
1	0	0	14
3	0	1	13
2	0	1	6
1	0	0	14
3	0	0	13
2	0	1	5
2	0	0	6
3	0	0	18
1	0	0	14
2	0	1	6
3	1	0	18
2	0	0	6
1	0	0	14
3	0	0	13
3	1	1	18
1	0	0	14
3	0	0	18
3	0	1	13
3	0	0	18
3	0	1	13
3	1	0	13
3	0	1	18
3	0	1	13
2	0	1	15
3	0	0	8
3	1	1	8
2	0	1	15
2	0	1	5
3	0	1	8
2	0	0	15
3	0	0	18
3	0	0	8
2	0	0	15
3	0	1	18
2	0	1	5
3	0	1	8
3	0	1	8
3	1	1	8
2	0	1	15
3	0	0	8
3	0	1	18
2	0	0	5
3	0	1	8
3	1	1	8
3	0	0	8
3	0	1	8
3	0	0	8
3	0	1	12
3	1	1	18
2	0	0	15
3	1	0	8
3	0	1	12
2	0	0	5
3	0	0	8
3	0	0	12
2	0	0	15
3	0	1	8
3	0	0	12
2	0	0	5
2	0	1	15
3	0	1	12
3	0	0	18
3	1	0	12
2	0	0	5
3	0	1	18
3	1	1	12
3	0	1	12
3	0	0	7
2	0	0	5
3	0	1	18
2	0	0	5
3	0	0	18
3	0	0	7
3	0	1	18
3	0	1	7
3	0	1	18
3	1	1	18
3	1	1	18
3	0	1	7
3	0	0	18
3	0	1	18
3	0	1	7
2	0	0	11
3	1	0	18
3	0	1	18
2	0	1	11
3	1	1	7
3	0	1	18
2	0	1	10
2	0	1	11
3	1	1	7
2	0	0	11
3	0	1	7
2	0	0	11
2	0	0	11
3	0	1	7
2	0	0	11
2	0	1	10
3	0	1	7
2	0	1	11
2	0	0	6
2	0	0	10
3	0	1	7
2	0	0	6
3	0	1	7
2	0	0	10
2	0	1	6
3	1	1	7
3	0	0	7
2	0	0	10
2	0	1	6
3	0	1	7
2	0	1	6
2	0	0	6
3	1	0	7
3	0	1	7
2	0	0	6
3	0	1	7
2	0	0	10
2	0	0	6
2	0	0	10
2	0	1	6
3	0	1	8
3	1	1	7
2	0	0	6
2	0	0	10
2	0	0	10
2	0	0	6
2	0	0	10
3	0	1	8
3	1	0	7
2	0	0	10
2	0	1	10
3	0	0	8
2	0	0	6
2	0	0	10
2	0	1	6
2	0	0	10
3	0	1	8
2	0	1	10
2	0	1	10
2	0	0	6
3	0	1	7
2	0	0	6
3	0	1	8
3	0	1	7
2	0	0	10
3	0	1	7
2	0	0	10
2	0	1	6
3	1	1	8
2	0	0	6
2	0	0	10
3	0	1	7
2	0	0	6
2	0	0	6
2	0	1	10
3	1	1	8
2	0	0	10
2	0	0	10
3	0	1	8
2	0	0	6
2	0	0	10
2	0	0	10
2	0	0	6
2	0	0	10
2	0	0	10
2	0	1	10
2	0	0	6
3	0	0	8
2	0	0	10
2	0	1	10
2	0	1	6
2	0	0	10
2	0	1	10
2	0	1	5
3	1	0	8
2	0	1	10
3	0	1	8
2	0	1	5
2	0	0	6
3	0	1	8
3	1	1	8
2	0	1	5
3	0	0	8
2	0	1	5
2	0	1	5
1	0	0	14
3	0	1	8
2	0	0	5
1	0	1	14
2	0	0	5
1	0	0	14
1	0	0	14
1	0	0	4
1	0	0	14
1	0	0	4
1	0	0	14
3	0	1	8
1	0	0	4
3	1	1	18
1	0	0	14
1	0	0	4
1	0	0	14
1	0	1	14
1	0	0	4
1	0	0	14
1	0	1	4
1	0	0	14
3	0	1	7
1	0	1	4
2	0	0	5
1	0	0	14
1	0	0	4
3	1	0	18
1	0	0	14
1	0	0	14
1	0	0	14
1	0	1	14
3	0	1	18
1	0	1	4
3	1	1	7
1	0	0	4
3	0	1	18
1	0	1	4
1	0	0	4
1	0	0	4
3	0	0	18
3	0	1	7
1	0	0	4
1	0	0	4
1	0	0	4
1	0	0	4
3	0	1	7
1	0	0	4
1	0	1	4
3	0	1	18
1	0	0	4
1	0	1	4
1	0	0	4
3	0	0	7
3	0	1	18
1	0	0	4
3	1	1	17
1	0	0	4
3	0	1	7
3	0	0	7
3	0	0	17
3	0	1	18
3	0	0	17
1	0	1	14
1	0	0	14
1	0	0	14
1	0	0	14
3	0	1	17
3	1	1	7
1	0	0	14
1	0	1	14
3	0	0	17
1	0	0	14
3	1	1	18
2	0	1	5
1	0	0	14
3	1	0	17
2	0	0	5
3	1	1	18
2	0	0	5
2	0	1	5
2	0	1	5
3	0	1	17
2	0	1	5
2	0	1	5
3	0	0	18
2	0	1	5
2	0	0	5
3	0	0	18
2	0	0	5
2	0	1	5
3	0	0	17
2	0	1	11
2	0	0	5
3	0	0	18
2	0	0	11
2	0	0	5
3	0	1	18
3	0	1	8
2	0	0	11
3	0	1	18
2	0	1	5
2	0	0	5
2	0	0	11
2	0	0	11
3	0	1	18
2	0	0	11
2	0	0	11
3	0	0	8
2	0	1	11
2	0	0	5
2	0	0	5
2	0	0	5
1	0	0	14
3	0	0	13
3	0	1	8
1	0	0	14
3	1	0	13
1	0	0	14
2	0	0	5
2	0	1	5
3	0	1	13
1	0	0	14
2	0	0	5
3	0	1	13
1	0	0	14
3	1	1	8
3	0	1	13
2	0	1	5
1	0	0	14
2	0	0	5
3	0	0	13
2	0	1	5
1	0	0	14
3	1	1	13
1	0	0	14
2	0	0	5
3	0	0	13
2	0	0	5
3	0	0	8
2	0	1	5
2	0	1	5
3	1	1	7
3	0	1	7
3	1	1	8
2	0	1	5
2	0	1	5
3	0	1	7
1	0	0	4
1	0	0	4
3	0	0	7
1	0	0	4
3	1	1	8
3	1	0	7
1	0	0	4
3	0	0	8
3	0	1	8
2	0	0	5
3	0	1	7
1	0	0	4
3	0	1	8
1	0	0	4
3	0	1	7
1	0	0	4
2	0	1	5
2	0	0	16
3	0	0	8
3	0	0	7
1	0	0	4
2	0	1	16
3	1	1	8
3	0	1	8
2	0	1	16
3	0	1	8
3	0	0	8
3	0	1	8
2	0	1	16
2	0	1	16
2	0	0	6
2	0	1	16
2	0	0	6
2	0	0	16
3	1	1	17
3	0	1	17
3	0	1	17
3	0	0	13
2	0	1	16
3	1	1	17
3	1	1	13
3	0	0	17
3	0	0	17
3	0	1	13
3	0	1	13
2	0	0	15
3	0	1	17
1	0	0	9
3	0	1	17
1	0	1	9
3	0	0	13
1	0	0	9
3	0	0	13
1	0	1	9
2	0	0	15
3	0	0	13
1	0	1	9
3	0	1	13
2	0	0	15
1	0	0	9
2	0	0	15
3	1	1	13
3	0	1	13
1	0	0	9
2	0	1	15
1	0	1	9
2	0	0	15
2	0	0	15
2	0	0	15
2	0	0	15
2	0	1	15
2	0	1	15
2	0	1	6
3	1	1	13
2	0	0	15
2	0	1	15
2	0	0	15
2	0	0	6
2	0	1	11
2	0	0	15
3	0	1	13
2	0	0	15
2	0	1	11
2	0	0	11
2	0	1	11
2	0	0	6
3	0	1	13
2	0	1	11
3	1	0	13
2	0	0	11
3	0	1	13
2	0	0	6
3	0	0	13
2	0	0	6
2	0	1	11
2	0	1	11
2	0	1	11
2	0	0	11
2	0	1	6
2	0	1	11
2	0	1	11
2	0	0	10
2	0	0	15
2	0	0	11
2	0	1	10
2	0	1	15
2	0	1	11
2	0	0	11
2	0	1	15
3	1	1	12
2	0	0	10
3	1	1	13
2	0	0	11
3	0	1	13
2	0	0	15
2	0	0	10
3	0	0	13
3	0	0	13
2	0	0	15
3	0	1	13
3	0	1	12
1	0	0	14
3	1	0	13
2	0	0	10
3	0	1	13
1	0	1	14
1	0	1	14
3	0	0	13
2	0	0	15
3	0	0	12
1	0	0	14
3	0	1	12
2	0	1	15
1	0	0	14
1	0	0	14
2	0	1	10
2	0	1	15
1	0	1	14
1	0	0	14
2	0	0	10
1	0	0	9
1	0	0	9
1	0	1	9
3	0	1	12
2	0	0	10
1	0	1	9
1	0	1	9
1	0	0	9
3	0	0	12
1	0	0	9
1	0	1	9
3	0	0	12
3	0	0	7
3	0	1	7
3	1	0	7
3	1	1	12
3	1	0	7
3	0	1	7
2	0	1	15
3	0	1	7
2	0	1	16
2	0	0	15
3	0	1	7
2	0	0	16
2	0	1	16
2	0	0	16
3	0	1	7
2	0	1	6
2	0	0	16
2	0	0	15
2	0	0	16
2	0	1	16
2	0	1	16
2	0	1	6
3	1	0	13
2	0	0	15
2	0	0	6
3	0	0	13
2	0	0	6
2	0	0	6
2	0	1	11
2	0	1	6
2	0	0	11
2	0	0	15
2	0	1	6
2	0	1	11
2	0	0	6
3	1	1	13
2	0	0	11
2	0	0	15
3	0	0	13
2	0	1	15
3	0	0	13
3	0	0	13
3	1	1	18
2	0	0	11
2	0	1	15
2	0	0	11
2	0	0	11
2	0	1	11
3	0	1	18
2	0	1	6
3	0	1	13
3	1	1	18
3	0	0	13
3	0	0	18
2	0	0	6
1	0	0	14
1	0	0	9
1	0	0	14
2	0	1	6
3	0	0	17
1	0	0	9
3	0	1	18
1	0	0	14
1	0	0	9
2	0	0	6
1	0	1	9
1	0	0	14
3	0	1	18
1	0	1	14
3	1	1	17
1	0	1	9
1	0	0	9
1	0	0	9
2	0	0	6
1	0	1	14
3	0	1	18
1	0	1	9
1	0	0	14
2	0	0	6
3	0	0	13
3	0	0	17
1	0	1	14
3	0	1	18
3	1	1	13
2	0	0	6
3	0	1	13
2	0	1	6
3	0	1	13
3	0	1	17
3	1	0	13
3	1	1	17
3	0	0	13
3	0	1	13
3	0	0	17
3	0	1	13
3	0	0	17
1	0	0	9
3	0	0	13
3	0	1	17
1	0	0	9
3	0	1	13
3	0	1	13
3	0	1	13
1	0	0	9
3	0	0	13
1	0	0	9
3	0	0	13
3	1	0	13
3	0	1	18
1	0	0	9
3	1	1	13
1	0	1	9
3	0	0	18
3	0	1	18
1	0	0	9
1	0	0	9
3	0	1	18
3	0	0	12
3	1	1	18
3	0	0	12
3	0	0	12
3	0	1	12
3	1	1	12
2	0	1	10
3	0	0	12
3	0	0	18
1	0	0	4
3	0	0	12
1	0	0	4
2	0	0	10
3	1	1	18
3	0	0	12
3	0	1	12
1	0	0	4
1	0	0	4
3	0	1	18
3	1	0	12
1	0	0	4
3	0	0	13
3	1	0	12
2	0	1	10
1	0	0	4
3	0	1	12
1	0	0	4
1	0	0	4
3	1	1	12
3	0	1	13
3	0	0	12
3	0	1	12
2	0	0	10
3	0	0	13
3	0	0	12
2	0	1	10
3	0	0	13
3	0	0	18
2	0	1	10
3	1	1	13
2	0	1	10
3	0	1	13
3	1	1	18
2	0	0	10
3	1	0	13
3	0	1	7
3	0	1	13
3	0	1	18
3	1	0	18
3	0	0	18
3	0	1	7
3	0	0	18
2	0	0	5
3	0	0	18
2	0	1	5
3	0	0	7
2	0	1	5
3	0	0	18
2	0	0	5
2	0	1	5
2	0	0	5
2	0	1	5
3	0	1	7
2	0	1	5
3	1	1	12
2	0	0	16
3	0	0	12
3	0	1	7
3	1	1	7
2	0	1	16
3	0	1	12
3	1	1	7
2	0	0	16
2	0	1	16
3	0	1	12
3	0	0	7
2	0	0	10
2	0	1	16
2	0	0	10
2	0	1	10
2	0	0	16
3	0	0	12
2	0	1	10
3	0	0	12
2	0	1	10
2	0	0	16
2	0	0	10
3	0	1	12
2	0	1	10
2	0	0	16
2	0	0	10
3	1	1	12
2	0	0	11
3	0	1	8
1	0	0	9
1	0	0	9
2	0	0	6
2	0	0	11
2	0	0	6
3	1	1	8
1	0	1	9
2	0	0	6
2	0	0	6
1	0	1	9
2	0	1	6
2	0	0	11
2	0	1	6
2	0	0	6
1	0	1	9
2	0	0	6
3	0	0	8
1	0	0	9
2	0	1	11
1	0	1	9
1	0	1	9
2	0	1	11
3	0	0	8
2	0	1	11
3	0	1	8
2	0	1	11
1	0	0	4
2	0	1	11
3	0	0	8
1	0	0	4
3	0	0	8
1	0	0	4
3	0	0	17
3	1	0	8
1	0	0	4
1	0	0	4
3	0	0	12
3	0	1	17
3	0	0	17
1	0	0	4
3	0	1	12
3	0	0	17
1	0	0	4
3	1	0	12
3	1	1	17
1	0	0	4
1	0	1	9
1	0	0	9
1	0	0	9
3	1	1	17
1	0	0	9
1	0	0	9
3	0	1	12
3	0	1	17
1	0	0	9
1	0	1	9
3	0	0	17
1	0	1	9
3	0	1	12
3	0	0	12
3	0	0	17
3	1	1	12
3	1	1	12
3	0	1	12
3	0	0	12
3	1	1	17
3	0	0	12
3	0	0	17
3	1	1	12
3	0	1	17
3	0	0	12
3	1	0	17
3	0	1	12
3	0	1	12
3	0	1	12
3	0	0	17
3	1	1	12
3	0	0	17
3	0	1	12
2	0	0	6
3	0	1	12
3	0	0	18
3	1	1	18
3	0	1	12
3	0	0	17
3	0	1	18
2	0	0	6
3	0	1	18
3	1	1	18
3	1	1	18
3	0	0	12
3	0	0	18
3	0	1	18
3	0	0	12
3	1	0	18
3	0	1	18
3	0	1	18
3	0	0	18
2	0	0	6
3	0	0	18
3	0	1	18
3	0	1	18
3	0	0	18
3	1	0	12
2	0	0	6
3	0	0	12
2	0	1	10
2	0	1	6
2	0	1	10
2	0	1	10
2	0	0	5
2	0	1	6
3	0	1	17
2	0	0	10
2	0	0	5
2	0	0	10
2	0	0	6
2	0	0	5
3	0	0	17
2	0	1	5
2	0	1	10
2	0	0	6
3	0	0	17
2	0	0	10
3	1	0	17
2	0	0	5
3	0	0	17
2	0	0	5
2	0	0	10
2	0	1	5
3	0	1	17
2	0	0	5
3	1	0	17
2	0	0	15
3	0	0	17
2	0	0	15
2	0	0	15
3	0	0	17
2	0	1	15
3	0	0	17
3	1	1	17
2	0	0	15
3	0	0	17
3	0	0	17
2	0	1	15
3	0	1	17
3	0	0	17
3	1	1	17
2	0	1	15
2	0	0	11
2	0	0	15
2	0	0	11
2	0	1	11
2	0	0	16
2	0	0	11
2	0	1	16
3	0	1	12
2	0	0	11
3	0	1	12
2	0	1	16
3	0	1	7
3	1	1	7
2	0	1	11
3	1	1	12
3	0	1	7
2	0	0	16
3	0	1	7
3	0	0	12
2	0	0	11
3	0	1	7
2	0	0	16
3	0	1	7
3	0	0	12
2	0	1	11
2	0	0	16
3	0	1	7
3	0	1	12
3	1	1	7
3	0	1	7
2	0	0	16
3	0	1	7
3	0	0	7
3	1	1	12
3	1	1	7
3	0	1	7
3	0	1	12
2	0	0	16
3	1	1	7
3	0	0	7
3	0	1	7
3	0	1	7
3	0	1	7
2	0	0	16
3	0	1	7
2	0	1	16
3	0	1	7
2	0	1	16
3	1	0	7
2	0	1	16
2	0	1	16
2	0	0	16
2	0	1	16
3	0	0	7
2	0	1	16
3	1	1	7
2	0	1	15
3	0	0	7
2	0	1	15
2	0	0	16
2	0	1	15
2	0	0	16
2	0	1	16
2	0	0	16
2	0	0	16
2	0	0	16
2	0	0	15
2	0	1	16
3	0	0	13
2	0	1	16
2	0	1	15
2	0	0	16
2	0	1	16
2	0	0	16
2	0	0	15
2	0	0	16
3	0	0	13
2	0	1	16
3	0	0	13
2	0	0	16
3	1	1	13
2	0	0	15
2	0	0	16
3	1	1	13
2	0	0	16
2	0	0	15
3	0	1	13
3	1	1	8
3	0	1	13
1	0	1	14
3	1	1	8
1	0	1	14
1	0	1	14
1	0	1	14
3	0	1	8
3	0	1	13
1	0	0	14
1	0	0	14
3	0	0	8
1	0	0	14
1	0	0	14
3	0	1	8
3	0	0	8
1	0	0	9
1	0	0	9
1	0	0	9
1	0	0	9
3	0	1	8
1	0	0	9
3	0	1	8
1	0	0	9
1	0	0	9
1	0	0	9
1	0	1	4
1	0	0	4
1	0	0	4
1	0	0	4
1	0	0	4
1	0	0	4
1	0	0	4
1	0	0	4
1	0	0	4
1	0	0	4
3	0	0	17
1	0	1	4
3	0	0	17
1	0	1	4
1	0	0	9
3	0	0	17
1	0	1	9
3	1	0	17
1	0	0	9
1	0	0	4
1	0	0	9
1	0	1	9
3	0	0	17
1	0	0	9
1	0	0	4
1	0	1	9
1	0	0	9
3	0	1	17
2	0	0	10
1	0	0	4
2	0	0	10
3	0	0	17
2	0	0	10
2	0	0	10
3	1	1	17
1	0	0	4
2	0	1	10
2	0	1	10
2	0	1	10
2	0	0	10
2	0	0	10
2	0	1	10
2	0	0	10
2	0	1	10
2	0	1	10
2	0	0	10
2	0	1	10
2	0	1	10
3	1	1	17
3	0	1	17
3	0	0	17
1	0	1	14
2	0	0	6
1	0	0	14
2	0	0	6
1	0	0	14
3	0	0	17
2	0	1	6
3	0	0	17
1	0	0	14
2	0	0	6
3	0	0	17
2	0	1	6
1	0	1	14
3	0	0	17
2	0	0	6
1	0	1	14
2	0	0	6
1	0	0	14
2	0	1	6
1	0	0	14
3	0	0	8
3	0	0	8
3	1	1	17
3	0	1	8
3	0	0	8
3	1	1	8
3	1	1	8
3	0	1	8
3	0	0	8
3	0	0	8
3	0	1	8
3	0	0	8
3	0	1	7
3	0	1	8
3	0	0	8
3	0	1	7
3	1	1	8
3	0	0	8
3	1	1	7
3	0	1	8
3	0	0	8
3	1	1	8
3	0	0	7
3	0	0	7
3	0	1	8
2	0	0	6
3	1	0	8
3	1	1	7
2	0	0	6
3	0	1	7
2	0	1	6
3	0	0	8
2	0	0	6
3	0	1	7
2	0	0	6
2	0	0	6
3	1	1	8
2	0	0	6
2	0	1	6
2	0	0	15
3	0	0	8
2	0	1	15
2	0	0	15
3	0	1	8
2	0	1	15
1	0	0	14
2	0	1	15
1	0	1	14
1	0	0	14
2	0	0	15
1	0	0	14
1	0	0	14
2	0	0	15
1	0	0	14
1	0	0	14
1	0	1	14
2	0	0	15
2	0	0	6
2	0	0	6
2	0	1	6
2	0	0	6
3	0	1	12
2	0	1	6
3	1	1	12
3	0	1	12
2	0	0	6
3	0	1	12
2	0	1	6
3	0	1	12
2	0	0	6
1	0	0	4
1	0	0	4
3	1	0	12
1	0	0	4
3	0	1	7
1	0	0	4
1	0	0	4
3	0	1	12
1	0	1	4
1	0	0	4
3	0	1	7
1	0	0	4
3	0	1	12
3	1	1	7
3	0	1	7
3	1	1	7
3	0	1	7
3	0	1	7
3	0	1	7
1	0	1	4
1	0	0	4
3	0	0	18
1	0	0	4
3	1	0	18
3	0	1	18
1	0	1	4
3	0	0	18
3	1	0	18
1	0	0	4
3	0	0	18
3	0	0	18
3	0	1	18
1	0	0	4
2	0	1	16
1	0	0	4
2	0	1	5
2	0	0	16
2	0	1	5
1	0	1	4
2	0	0	5
2	0	0	5
2	0	1	5
2	0	1	5
2	0	0	16
2	0	1	15
2	0	0	5
2	0	0	15
2	0	0	5
2	0	0	15
2	0	0	15
2	0	0	15
2	0	1	16
2	0	1	15
2	0	0	15
2	0	1	15
2	0	1	16
2	0	0	16
2	0	1	16
2	0	1	16
2	0	0	16
2	0	0	16
2	0	0	16
2	0	1	16
2	0	1	16
2	0	0	16
2	0	1	16
2	0	0	16
2	0	0	16
2	0	0	16
2	0	1	16
2	0	1	10
3	0	0	17
2	0	1	16
3	0	1	17
2	0	0	10
3	0	0	17
2	0	0	16
2	0	0	10
2	0	1	16
3	0	0	17
2	0	0	10
2	0	0	16
3	0	0	17
3	0	0	17
2	0	1	10
3	1	1	17
2	0	0	16
3	1	1	17
2	0	0	10
2	0	0	10
2	0	0	10
1	0	0	9
1	0	1	9
1	0	0	9
1	0	0	9
1	0	0	9
3	0	1	7
3	1	1	17
3	0	1	7
3	0	1	7
3	1	1	17
3	0	0	7
1	0	0	9
3	1	0	7
3	0	0	7
1	0	0	9
3	0	1	7
3	0	0	17
3	0	1	13
3	1	1	7
1	0	1	9
3	0	0	17
3	0	0	13
3	1	0	13
3	0	0	17
3	1	1	17
3	0	0	17
3	0	1	17
3	0	1	13
3	0	0	13
3	0	0	17
3	0	1	13
3	0	1	17
3	0	1	17
3	0	0	13
3	0	1	17
3	1	0	13
3	0	0	17
3	0	0	13
3	1	1	18
3	0	0	17
3	0	1	13
3	0	0	13
3	0	1	18
3	0	1	13
3	0	0	17
3	1	1	13
3	0	0	13
3	0	0	18
3	1	1	17
3	0	1	13
3	0	1	18
3	1	1	13
3	0	1	18
3	0	1	12
3	0	1	18
3	0	0	18
3	0	0	12
2	0	0	5
3	1	1	18
2	0	0	5
3	0	1	12
2	0	0	5
2	0	1	5
3	0	1	12
3	0	0	12
2	0	1	5
2	0	0	5
3	0	0	12
3	0	1	12
3	0	1	12
2	0	1	5
2	0	0	5
3	0	1	12
3	0	0	12
2	0	0	11
3	1	1	12
3	0	1	12
2	0	0	11
2	0	1	11
3	1	1	12
3	1	0	12
2	0	1	11
2	0	1	11
3	1	1	8
2	0	0	11
3	1	1	12
2	0	0	11
3	0	1	12
2	0	1	11
3	0	0	8
3	0	0	8
1	0	0	14
3	0	0	8
1	0	0	14
3	0	0	8
1	0	1	14
3	0	0	8
1	0	0	14
1	0	0	14
1	0	0	14
3	0	1	8
1	0	0	14
3	0	1	8
1	0	0	4
3	0	1	8
1	0	0	4
1	0	0	14
1	0	1	4
1	0	0	4
1	0	0	4
3	0	1	8
1	0	0	4
1	0	0	4
3	0	0	8
3	0	1	8
1	0	0	4
3	1	1	8
3	1	0	7
3	1	1	8
3	1	1	8
3	1	1	7
3	0	1	7
3	0	1	7
3	0	1	8
3	0	1	7
3	0	1	7
3	0	1	7
3	0	1	7
3	0	1	17
3	0	1	17
1	0	0	14
1	0	0	14
3	0	1	17
1	0	1	14
3	0	1	17
1	0	0	14
1	0	1	14
2	0	1	5
1	0	0	14
2	0	0	5
1	0	0	14
3	0	0	17
1	0	0	14
2	0	0	5
3	1	1	17
2	0	0	5
3	1	1	17
3	0	1	17
2	0	0	5
2	0	0	5
2	0	0	10
2	0	0	5
2	0	0	10
2	0	1	5
2	0	0	10
2	0	1	10
3	0	1	7
2	0	0	10
2	0	1	10
2	0	0	10
2	0	0	10
3	0	1	8
3	0	0	7
2	0	0	11
2	0	1	11
3	0	1	7
3	0	0	8
2	0	1	11
2	0	1	11
3	0	1	8
3	0	1	7
3	0	1	7
2	0	0	11
3	0	0	12
3	1	1	7
3	0	0	8
2	0	1	11
3	1	1	8
3	0	1	12
3	0	1	7
2	0	1	11
2	0	0	11
3	1	1	7
3	0	0	8
3	1	1	8
3	0	0	12
3	0	1	12
3	0	0	8
3	0	0	12
2	0	1	11
3	0	0	12
2	0	0	11
2	0	1	11
3	1	1	12
2	0	0	11
3	1	1	12
2	0	1	11
2	0	0	11
1	0	0	4
1	0	0	4
2	0	0	11
1	0	0	4
1	0	0	4
1	0	1	4
1	0	0	4
1	0	0	4
1	0	0	4
2	0	0	11
3	0	0	18
3	0	1	18
2	0	1	5
3	0	0	18
3	1	1	18
2	0	0	5
3	0	1	17
3	0	0	17
2	0	1	5
3	0	0	18
3	1	0	18
3	0	1	18
3	0	0	17
2	0	0	5
3	0	0	18
3	1	1	17
2	0	1	5
3	0	0	17
3	0	0	17
3	1	1	17
3	1	1	17
2	0	0	5
3	0	1	17
3	0	0	17
3	0	0	17
2	0	0	5
3	0	1	17
3	0	1	18
2	0	1	5
3	0	1	18
3	0	1	17
3	0	0	13
3	0	1	13
3	0	0	17
3	0	1	18
3	0	0	13
3	1	0	18
3	0	0	13
3	1	1	17
3	0	0	13
3	0	0	17
3	0	1	18
3	0	1	13
3	0	0	18
3	1	0	13
3	1	1	13
3	1	0	18
3	0	0	18
2	0	1	10
2	0	1	10
2	0	0	10
2	0	1	10
2	0	0	10
2	0	0	15
3	1	1	18
2	0	0	10
2	0	1	15
2	0	0	10
3	0	0	18
2	0	1	10
3	1	1	18
2	0	0	10
2	0	1	15
2	0	0	10
2	0	1	10
2	0	1	6
2	0	1	15
2	0	0	10
2	0	0	6
2	0	0	10
2	0	0	6
2	0	0	15
3	0	1	18
2	0	1	6
2	0	0	10
2	0	0	15
2	0	0	6
2	0	1	10
2	0	0	6
3	0	0	18
2	0	0	15
2	0	0	6
2	0	0	10
2	0	1	6
2	0	0	15
3	0	1	18
3	0	0	18
3	0	1	18
1	0	0	14
1	0	0	14
1	0	1	14
1	0	1	14
3	1	0	13
1	0	0	14
1	0	0	14
1	0	0	9
1	0	0	9
1	0	1	14
1	0	0	9
3	0	1	13
1	0	0	14
1	0	0	9
1	0	0	9
3	1	1	7
1	0	1	9
1	0	0	9
1	0	0	9
3	1	1	13
3	0	1	7
3	0	1	7
3	0	1	13
3	0	0	13
3	0	0	8
3	0	0	13
3	0	0	7
3	0	0	8
3	0	1	13
3	1	1	7
3	0	1	8
3	0	0	7
3	0	1	13
1	0	0	4
3	0	1	7
3	0	1	7
1	0	0	4
3	1	1	8
2	0	1	15
1	0	0	4
3	0	1	8
2	0	0	15
2	0	0	11
2	0	0	15
1	0	0	4
3	0	1	8
2	0	1	15
2	0	1	11
2	0	0	15
3	0	1	8
2	0	1	11
2	0	0	15
1	0	0	4
3	1	1	8
2	0	0	15
2	0	1	15
2	0	0	11
2	0	1	11
1	0	0	9
1	0	0	4
1	0	0	9
2	0	0	11
2	0	1	16
1	0	0	9
1	0	0	9
1	0	0	4
1	0	0	9
2	0	0	11
1	0	0	9
2	0	0	16
1	0	0	9
1	0	0	4
1	0	0	9
2	0	1	11
2	0	1	16
2	0	0	16
2	0	1	16
2	0	1	16
2	0	1	16
2	0	0	16
1	0	0	4
1	0	1	4
1	0	0	4
1	0	1	4
1	0	0	4
1	0	0	4
1	0	0	4
3	0	1	13
1	0	1	4
3	0	0	13
3	0	0	13
2	0	0	6
3	0	0	13
2	0	1	10
3	1	1	12
3	1	1	13
2	0	0	6
2	0	1	10
3	1	1	12
2	0	1	6
3	0	1	12
3	0	0	13
3	0	0	12
2	0	1	6
3	1	0	8
3	0	0	12
3	0	0	12
2	0	1	10
3	0	1	8
2	0	0	6
3	0	1	13
2	0	0	15
3	0	0	8
3	1	0	13
3	0	1	8
2	0	0	6
3	1	1	8
2	0	0	10
3	0	0	8
2	0	0	10
2	0	1	6
3	0	0	8
2	0	0	15
3	0	0	8
2	0	1	10
2	0	0	6
2	0	1	10
3	0	1	12
2	0	1	10
3	0	1	12
2	0	1	15
2	0	0	16
2	0	1	16
2	0	0	15
2	0	1	16
2	0	1	16
2	0	0	15
2	0	1	16
2	0	1	16
2	0	0	15
2	0	0	16
2	0	1	11
2	0	1	11
2	0	0	15
2	0	1	16
2	0	1	11
1	0	1	9
2	0	1	15
2	0	1	15
2	0	1	11
2	0	0	11
1	0	0	9
2	0	0	15
2	0	0	11
2	0	1	11
1	0	0	9
2	0	0	11
2	0	0	15
1	0	0	9
2	0	0	15
2	0	0	11
2	0	1	11
1	0	0	9
2	0	1	15
1	0	0	9
2	0	0	11
2	0	1	15
1	0	0	9
2	0	0	11
2	0	0	11
2	0	0	11
2	0	0	15
2	0	0	15
1	0	1	9
2	0	0	11
2	0	1	11
3	0	0	13
3	1	1	13
3	0	1	13
3	0	1	13
2	0	0	11
2	0	0	16
3	0	0	13
3	1	1	13
3	0	1	13
2	0	0	16
2	0	1	11
3	0	1	13
2	0	1	16
3	0	0	13
2	0	0	6
2	0	0	16
2	0	0	11
3	0	0	13
2	0	1	6
2	0	0	16
3	0	0	13
3	0	0	13
3	0	1	13
2	0	0	16
2	0	1	6
2	0	0	11
3	0	0	13
2	0	0	16
3	1	1	13
2	0	1	11
2	0	1	16
3	1	0	13
2	0	0	6
2	0	0	6
2	0	1	11
2	0	1	11
2	0	1	6
2	0	0	11
2	0	0	6
2	0	1	6
1	0	1	14
1	0	0	14
1	0	0	14
1	0	0	14
1	0	1	14
1	0	0	14
3	1	1	7
1	0	0	14
3	0	0	8
1	0	0	14
3	0	1	8
3	0	1	7
3	0	0	8
3	1	1	8
3	1	1	7
3	0	1	8
3	0	0	7
3	1	1	8
3	0	0	7
1	0	0	9
1	0	0	9
3	0	1	7
3	0	0	8
1	0	0	9
1	0	1	9
3	0	1	7
3	0	0	8
1	0	1	9
3	0	1	7
1	0	0	9
1	0	1	9
1	0	0	9
2	0	1	10
2	0	0	6
2	0	1	10
2	0	0	6
2	0	1	10
2	0	1	6
2	0	0	10
2	0	0	6
2	0	1	6
2	0	0	10
2	0	0	6
2	0	0	6
2	0	1	16
2	0	0	10
2	0	1	16
2	0	1	6
2	0	1	16
2	0	1	16
2	0	0	10
2	0	0	15
2	0	0	16
2	0	0	16
2	0	1	16
2	0	0	16
2	0	1	10
2	0	0	15
2	0	0	15
2	0	0	15
2	0	1	15
2	0	0	15
2	0	1	15
2	0	1	15
2	0	1	5
2	0	1	5
2	0	0	11
2	0	0	5
2	0	1	11
2	0	0	5
2	0	1	11
2	0	0	5
2	0	0	11
2	0	1	5
3	1	1	12
2	0	0	11
2	0	1	5
2	0	0	5
2	0	1	11
3	0	1	12
1	0	0	4
1	0	0	4
1	0	1	4
3	0	0	12
2	0	0	11
1	0	0	4
1	0	1	4
2	0	0	11
3	1	0	12
1	0	0	4
1	0	0	4
1	0	0	4
3	0	1	12
3	0	1	12
3	0	0	12
3	0	0	12
3	0	0	18
1	0	1	14
1	0	0	14
1	0	0	14
3	0	0	18
1	0	0	14
2	0	0	6
1	0	0	14
1	0	1	14
1	0	0	14
3	0	1	18
1	0	0	14
2	0	1	6
3	1	0	18
3	0	1	18
2	0	0	6
3	0	0	18
2	0	0	6
3	0	1	18
1	0	0	14
2	0	0	6
1	0	1	14
1	0	0	14
2	0	0	6
3	1	1	18
1	0	0	14
1	0	0	14
2	0	0	6
1	0	0	14
1	0	0	14
1	0	0	14
2	0	1	6
2	0	0	5
2	0	1	5
2	0	0	5
2	0	1	5
2	0	0	5
1	0	0	9
2	0	1	5
1	0	0	9
1	0	1	9
2	0	0	5
1	0	0	9
2	0	0	5
1	0	1	9
1	0	0	9
2	0	0	15
1	0	1	9
2	0	1	15
2	0	1	15
1	0	0	9
2	0	1	15
2	0	0	15
2	0	0	15
2	0	0	15
2	0	0	15
3	0	1	13
3	0	0	13
3	0	0	13
3	1	1	13
2	0	0	10
3	0	0	13
3	0	1	13
1	0	0	4
2	0	0	10
3	1	1	13
1	0	0	4
1	0	1	4
2	0	0	10
3	0	1	13
1	0	0	4
1	0	0	4
2	0	1	10
1	0	0	4
1	0	0	4
2	0	1	10
1	0	1	4
2	0	1	10
2	0	1	10
2	0	0	10
2	0	0	5
1	0	1	9
1	0	0	9
2	0	0	5
1	0	1	9
1	0	1	9
2	0	0	5
1	0	1	9
3	0	0	17
1	0	0	9
1	0	0	9
2	0	1	5
1	0	0	9
3	0	1	17
2	0	0	5
2	0	0	5
3	0	0	17
2	0	0	5
2	0	1	5
3	1	1	17
3	1	1	17
3	0	1	17
3	0	1	17
3	0	1	17
1	0	1	14
1	0	0	14
1	0	1	14
1	0	0	14
1	0	0	14
1	0	1	14
1	0	0	14
2	0	1	6
1	0	1	14
3	1	1	7
3	0	1	7
2	0	0	6
2	0	0	6
3	0	1	7
2	0	0	6
3	1	1	7
2	0	1	6
3	0	0	7
2	0	0	6
3	0	0	7
2	0	1	6
3	0	1	7
2	0	0	6
3	0	1	7
3	0	0	17
3	0	1	17
3	0	1	17
3	0	1	17
3	0	0	17
3	1	1	17
3	1	1	17
3	0	0	17
3	0	1	12
3	0	1	12
3	1	0	12
3	0	0	12
3	0	0	12
3	0	0	12
3	0	1	12
3	0	0	12
3	0	1	12
3	0	1	12
3	1	1	12
3	0	0	12
3	1	1	12
3	1	1	12
3	0	1	12
3	0	0	12
3	0	1	12
3	1	1	12
3	0	1	12
3	0	1	12
3	0	1	12
1	0	0	9
3	0	1	12
3	0	1	18
1	0	1	9
3	0	1	12
1	0	0	9
3	0	1	18
1	0	0	9
1	0	0	9
3	0	1	18
3	1	0	12
1	0	1	9
1	0	0	9
3	1	1	18
1	0	0	9
3	0	1	18
3	1	0	18
3	0	0	18
3	0	0	18
2	0	0	15
2	0	0	15
2	0	1	15
3	1	1	8
2	0	0	15
2	0	1	15
2	0	0	15
3	1	0	8
2	0	0	15
3	0	0	8
2	0	1	15
3	0	1	8
3	0	0	8
3	0	1	8
3	0	1	8
3	0	1	8
1	0	0	14
1	0	0	14
1	0	0	14
1	0	0	14
1	0	1	14
1	0	1	14
1	0	1	14
3	0	1	18
1	0	0	14
3	1	1	18
3	0	1	18
3	0	1	18
3	0	1	18
3	0	0	18
3	0	1	18
3	1	1	18
3	0	0	18
3	1	0	18
3	0	0	18
3	0	0	18
3	0	1	18
3	0	1	18
3	0	0	18
3	1	1	18
3	0	0	8
3	1	0	8
3	0	0	8
2	0	1	6
3	0	0	8
2	0	1	6
3	0	1	8
2	0	1	6
3	1	1	8
2	0	0	6
3	0	1	8
2	0	0	6
3	0	0	8
2	0	0	6
2	0	0	6
2	0	0	6
3	0	0	13
3	0	1	13
3	1	0	13
3	0	1	13
3	1	1	13
3	0	0	8
3	0	0	8
3	0	1	13
3	0	0	8
3	0	0	13
3	0	0	13
2	0	0	6
3	1	1	8
3	0	1	8
2	0	1	6
3	1	1	8
2	0	0	6
3	0	0	8
2	0	0	6
3	0	0	8
2	0	0	6
2	0	0	6
2	0	0	6
2	0	1	6
3	0	1	7
3	0	1	7
3	1	1	7
3	0	1	7
3	0	1	7
3	0	1	13
3	1	1	7
3	0	1	7
3	0	1	13
3	0	1	7
1	0	0	9
1	0	0	9
3	0	0	13
1	0	0	9
3	0	0	13
1	0	0	9
1	0	0	9
1	0	0	9
1	0	1	9
3	1	1	13
1	0	1	9
3	1	1	13
3	0	0	13
3	0	1	13
2	0	1	15
2	0	1	15
2	0	1	15
2	0	1	15
2	0	0	15
3	0	0	13
2	0	1	15
3	0	0	13
2	0	0	15
2	0	0	15
3	0	1	7
3	0	0	13
3	1	1	7
3	0	0	13
3	0	0	7
3	1	1	13
3	0	1	7
3	0	1	13
3	0	1	7
3	1	0	13
3	0	0	13
3	1	1	7
3	0	1	7
3	0	0	7
2	0	1	16
2	0	1	16
2	0	1	16
2	0	0	16
2	0	0	16
2	0	1	16
2	0	1	16
2	0	1	16
3	0	0	12
3	0	1	12
3	0	0	12
3	1	1	12
2	0	1	10
2	0	0	10
3	0	0	12
2	0	0	10
3	0	1	12
3	0	0	12
2	0	1	10
3	0	1	12
2	0	1	10
3	1	1	12
2	0	1	10
2	0	1	10
3	1	1	12
3	0	0	12
2	0	0	10
3	0	1	12
3	0	1	12
3	0	0	12
2	0	0	6
3	0	0	12
2	0	1	6
3	1	1	12
2	0	0	6
2	0	1	6
2	0	1	6
2	0	0	6
2	0	0	6
2	0	1	6
2	0	0	16
2	0	0	15
2	0	0	16
3	0	1	18
2	0	1	16
2	0	0	15
2	0	0	16
3	1	1	18
2	0	0	15
2	0	0	16
2	0	1	15
2	0	1	16
3	0	1	18
2	0	0	16
2	0	1	15
3	0	0	18
2	0	1	16
2	0	1	15
2	0	1	10
2	0	0	15
3	0	1	18
2	0	1	15
2	0	0	10
2	0	0	10
3	1	1	18
2	0	1	10
2	0	0	10
2	0	0	10
3	0	1	18
3	0	1	18
2	0	1	10
2	0	0	10
2	0	0	5
2	0	1	5
2	0	0	5
2	0	1	5
2	0	0	5
2	0	0	5
2	0	1	5
3	0	0	18
2	0	1	5
3	0	0	18
3	0	0	18
3	0	1	12
3	0	1	12
3	0	1	18
3	0	1	12
3	0	0	12
3	1	1	12
3	1	1	18
3	0	1	12
3	0	1	7
3	0	1	18
3	1	0	12
3	0	0	12
3	0	1	18
3	1	1	18
3	0	0	7
3	0	0	7
3	1	1	7
1	0	0	4
3	0	1	7
1	0	0	4
3	0	1	7
1	0	1	4
1	0	1	4
3	0	0	7
1	0	1	4
1	0	0	4
3	0	1	7
3	0	1	7
1	0	0	4
1	0	0	4
3	1	0	7
3	1	1	7
3	0	1	7
3	0	1	7
3	1	1	7
3	0	1	7
3	0	0	7
2	0	1	5
2	0	0	5
2	0	0	5
3	0	1	17
2	0	0	5
2	0	0	5
3	0	0	17
2	0	0	5
2	0	0	5
2	0	1	5
3	1	1	17
2	0	1	11
3	0	1	17
2	0	1	11
3	0	0	17
3	1	1	17
2	0	1	11
3	0	1	17
2	0	1	16
2	0	1	11
3	0	0	17
2	0	1	11
2	0	1	11
2	0	0	16
2	0	0	11
2	0	0	16
2	0	1	11
2	0	0	16
1	0	0	14
2	0	0	16
2	0	0	16
2	0	1	16
3	0	0	18
2	0	1	16
3	0	1	18
3	0	0	18
1	0	0	14
3	1	1	18
3	1	1	18
3	0	0	18
1	0	1	14
3	0	0	18
3	1	0	17
3	0	0	18
3	0	0	17
1	0	0	14
1	0	0	14
3	0	0	17
1	0	1	14
1	0	0	14
1	0	0	14
1	0	0	14
1	0	0	14
3	0	0	17
1	0	0	14
3	0	0	17
3	0	0	17
2	0	0	6
3	1	0	17
3	0	0	17
2	0	1	6
2	0	0	11
1	0	1	14
2	0	1	11
2	0	0	6
2	0	0	6
2	0	0	6
1	0	0	14
1	0	1	14
2	0	0	11
1	0	1	14
2	0	0	6
2	0	0	11
1	0	0	14
1	0	0	14
2	0	0	6
1	0	0	14
1	0	0	14
1	0	0	14
1	0	1	14
2	0	1	6
2	0	0	11
1	0	0	4
1	0	0	4
1	0	1	4
1	0	0	4
2	0	0	11
1	0	0	4
1	0	1	14
1	0	0	4
1	0	1	4
1	0	1	4
2	0	0	11
2	0	1	11
2	0	0	11
1	0	0	14
2	0	0	11
2	0	1	11
2	0	1	11
2	0	0	11
2	0	0	11
2	0	1	11
2	0	1	11
1	0	1	14
2	0	1	11
2	0	0	11
3	0	1	13
2	0	0	5
3	0	1	13
2	0	1	11
2	0	0	11
2	0	0	5
3	0	0	13
2	0	1	11
2	0	0	5
3	1	1	13
2	0	0	5
2	0	0	5
2	0	1	11
3	0	1	13
2	0	1	5
2	0	1	11
2	0	0	5
2	0	0	11
2	0	0	5
3	1	1	13
2	0	0	5
2	0	1	5
2	0	0	5
3	0	1	13
2	0	1	5
3	0	0	13
2	0	1	5
2	0	0	5
2	0	1	5
2	0	1	5
3	0	1	7
3	1	1	7
3	0	1	7
3	0	1	7
3	1	0	7
3	0	0	7
3	0	1	7
3	0	0	7
3	1	1	17
3	0	0	17
3	0	1	17
3	1	0	17
3	0	0	17
3	0	0	17
3	0	1	8
1	0	0	9
3	0	0	8
3	0	0	17
3	0	0	13
3	1	1	8
2	0	0	11
3	0	1	17
1	0	1	9
3	0	1	8
3	0	1	13
2	0	0	11
3	0	1	13
3	1	1	8
2	0	0	11
3	0	0	13
3	1	1	13
3	0	0	8
2	0	1	11
3	0	0	13
2	0	0	11
3	1	1	13
2	0	0	16
3	0	1	13
3	0	1	8
2	0	1	11
3	0	0	8
2	0	1	11
2	0	0	16
2	0	1	11
2	0	1	16
1	0	0	9
2	0	0	16
2	0	0	16
2	0	0	16
2	0	1	16
1	0	1	9
2	0	1	16
1	0	0	9
1	0	0	9
1	0	1	9
1	0	0	9
1	0	0	9
1	0	0	9
1	0	0	9
1	0	0	9
1	0	0	9
1	0	0	9
2	0	0	15
2	0	0	16
2	0	0	10
2	0	0	15
2	0	1	16
1	0	0	9
2	0	0	10
2	0	1	15
2	0	1	10
2	0	1	16
2	0	0	15
2	0	1	10
2	0	0	15
2	0	0	16
2	0	1	15
1	0	0	9
2	0	0	10
2	0	1	15
2	0	0	16
2	0	0	15
2	0	0	10
2	0	1	16
2	0	1	16
2	0	0	10
2	0	0	16
2	0	0	6
2	0	0	10
2	0	0	6
2	0	1	6
2	0	0	6
2	0	1	6
1	0	0	4
2	0	0	6
1	0	0	4
2	0	0	6
1	0	1	4
2	0	0	6
1	0	0	4
1	0	0	4
1	0	0	4
1	0	1	4
1	0	0	4
3	1	1	8
2	0	1	11
3	0	1	8
2	0	0	11
2	0	0	15
3	0	0	8
2	0	1	11
1	0	0	4
2	0	1	11
2	0	0	15
2	0	1	11
3	0	0	8
2	0	1	15
2	0	0	11
3	0	1	8
2	0	0	11
1	0	0	4
2	0	0	15
3	0	1	8
2	0	0	5
2	0	0	11
2	0	1	5
2	0	0	15
2	0	0	5
1	0	1	4
3	0	1	8
2	0	0	15
2	0	0	5
2	0	1	5
3	1	1	8
2	0	1	15
2	0	0	5
2	0	0	5
2	0	1	15
2	0	0	5
1	0	1	4
2	0	0	5
2	0	0	5
1	0	0	4
2	0	0	5
3	0	0	7
2	0	0	5
3	0	1	7
2	0	1	5
3	0	0	7
1	0	0	4
2	0	0	5
3	0	1	12
2	0	0	5
1	0	0	4
3	0	1	7
3	0	1	8
3	0	1	12
2	0	1	5
3	0	1	12
3	1	1	7
3	0	0	12
3	1	1	7
3	0	1	8
3	1	0	12
3	0	1	7
3	0	0	12
3	1	1	8
3	1	1	12
1	0	1	4
3	0	1	7
3	0	0	12
3	0	0	8
3	1	1	8
3	0	1	8
3	0	0	8
3	0	0	8
1	0	0	9
1	0	1	9
1	0	1	9
1	0	0	9
1	0	1	9
1	0	0	9
1	0	0	9
1	0	1	9
3	0	0	8
2	0	1	10
3	0	0	8
2	0	1	10
3	0	1	8
3	0	0	8
2	0	1	10
3	0	1	8
3	1	1	8
3	0	0	8
3	1	1	8
2	0	0	10
2	0	1	6
2	0	0	10
1	0	1	9
2	0	0	10
1	0	0	9
2	0	0	6
2	0	1	10
1	0	0	9
2	0	1	10
1	0	0	9
1	0	0	9
2	0	0	6
3	0	1	12
1	0	0	9
3	0	1	12
3	0	1	12
1	0	1	9
3	0	0	12
1	0	0	9
3	0	1	12
2	0	1	6
3	1	0	12
1	0	0	9
3	1	1	12
3	0	1	12
1	0	0	9
1	0	0	9
1	0	0	9
2	0	0	6
1	0	0	9
1	0	1	9
1	0	0	9
1	0	1	9
2	0	0	6
2	0	1	6
1	0	0	4
1	0	0	4
2	0	0	6
1	0	0	4
1	0	0	4
1	0	0	4
1	0	1	4
3	1	1	18
1	0	0	4
1	0	0	4
3	1	1	18
3	0	1	18
3	0	0	18
1	0	0	14
3	0	0	18
3	0	0	18
1	0	0	14
3	0	1	18
1	0	1	14
3	0	1	18
1	0	0	14
1	0	0	14
1	0	1	14
1	0	1	14
1	0	1	14
1	0	0	14
1	0	1	14
1	0	1	14
1	0	0	14
1	0	1	14
1	0	0	14
1	0	0	14
1	0	0	14
3	0	0	17
3	0	0	17
3	1	0	17
3	1	1	17
3	0	0	17
3	0	0	17
2	0	0	15
3	0	0	17
2	0	0	15
2	0	0	15
3	1	1	17
2	0	1	15
2	0	1	15
3	0	0	17
2	0	0	15
2	0	1	15
2	0	0	15
3	0	1	17
3	0	0	17
3	0	0	17
2	0	0	6
3	1	1	17
2	0	1	6
1	0	1	9
1	0	0	9
2	0	0	6
1	0	1	9
2	0	0	6
1	0	0	9
1	0	0	9
3	0	0	17
1	0	1	9
2	0	0	6
1	0	0	9
3	0	0	18
1	0	0	9
2	0	0	10
3	0	0	18
2	0	0	6
3	1	0	18
2	0	1	10
3	0	0	17
3	0	1	18
2	0	0	10
3	0	0	18
3	1	1	18
2	0	1	6
2	0	0	10
3	0	0	18
2	0	1	10
2	0	0	6
3	0	1	18
3	0	0	17
2	0	1	10
2	0	1	10
2	0	0	10
1	0	0	4
2	0	0	16
1	0	0	4
2	0	1	16
1	0	0	4
1	0	0	4
2	0	0	16
1	0	0	4
1	0	0	4
2	0	0	6
2	0	0	5
1	0	1	4
2	0	1	16
1	0	0	4
1	0	0	4
1	0	0	4
2	0	0	16
1	0	0	4
1	0	0	4
1	0	0	4
2	0	0	16
2	0	0	6
1	0	0	4
1	0	0	4
2	0	0	16
1	0	0	4
2	0	0	6
2	0	0	5
2	0	1	16
2	0	0	5
2	0	0	6
2	0	0	6
2	0	0	5
2	0	1	6
2	0	0	6
2	0	0	5
2	0	1	6
3	1	0	13
3	0	0	13
3	0	1	13
3	0	0	13
3	0	1	13
3	0	0	13
2	0	1	5
3	1	1	13
1	0	0	14
3	0	1	13
1	0	0	14
1	0	0	14
1	0	0	14
1	0	0	14
3	1	1	18
1	0	0	14
2	0	1	5
3	0	0	18
1	0	0	14
1	0	1	14
3	0	1	18
3	1	1	18
3	0	1	18
2	0	0	5
3	0	0	18
3	0	0	18
3	0	0	18
3	0	0	17
3	1	1	17
3	1	1	17
3	0	1	17
3	0	0	17
3	0	0	17
3	0	0	17
3	0	0	17
3	1	1	12
2	0	0	15
3	0	1	12
3	0	0	12
3	0	1	12
2	0	1	15
3	0	1	12
2	0	0	15
3	1	1	12
3	0	0	12
2	0	0	15
3	0	0	12
2	0	0	10
2	0	1	10
2	0	1	10
2	0	1	10
2	0	0	10
2	0	0	10
2	0	0	10
2	0	0	10
2	0	0	10
2	0	0	15
2	0	1	10
2	0	0	10
2	0	0	15
2	0	0	10
2	0	0	10
3	1	1	17
2	0	0	10
3	0	0	17
3	0	0	17
3	0	0	17
3	0	1	17
2	0	0	10
3	1	1	17
2	0	0	15
3	0	1	17
3	0	0	17
2	0	0	15
2	0	1	10
3	1	1	7
3	0	1	7
3	1	1	7
3	0	1	7
3	0	1	7
3	0	1	7
3	0	0	7
3	0	1	7
3	0	0	8
3	0	1	13
3	0	0	8
3	1	0	13
3	0	1	8
3	0	1	8
3	0	0	13
3	1	1	8
3	1	1	8
3	0	1	8
3	0	1	13
3	0	0	13
3	0	1	8
3	0	0	13
3	1	1	13
3	0	1	13
2	0	0	15
2	0	0	15
2	0	1	11
2	0	1	11
2	0	1	11
2	0	0	15
2	0	1	11
2	0	0	15
2	0	0	11
2	0	0	15
2	0	1	15
2	0	1	11
2	0	1	11
2	0	0	15
2	0	1	15
2	0	1	11
2	0	0	11
3	0	0	8
3	0	0	8
2	0	0	11
3	1	1	8
2	0	1	11
3	0	1	8
3	0	1	8
3	1	0	8
2	0	1	11
3	0	0	8
3	0	1	8
2	0	0	11
2	0	1	11
2	0	0	11
2	0	1	11
1	0	0	4
1	0	1	4
1	0	0	4
1	0	0	4
1	0	0	4
1	0	0	4
1	0	0	4
1	0	0	4
3	0	1	13
3	0	0	13
3	0	1	18
3	1	1	13
3	0	0	18
3	1	0	18
3	0	1	18
3	1	1	13
3	0	0	18
3	0	1	13
3	0	0	18
3	0	1	13
3	0	1	18
3	1	1	18
3	0	1	13
3	0	1	13
2	0	0	16
2	0	0	16
2	0	1	16
2	0	0	16
2	0	0	16
2	0	0	16
2	0	0	16
2	0	1	16
2	0	1	10
2	0	0	10
2	0	1	10
2	0	0	10
2	0	0	10
2	0	0	10
2	0	0	10
2	0	1	10
3	1	1	7
3	0	1	7
3	0	1	7
3	1	0	7
3	0	1	7
3	0	1	7
3	0	0	7
3	0	1	7
2	0	1	16
2	0	0	16
2	0	0	16
2	0	1	16
2	0	0	16
2	0	0	16
2	0	0	16
2	0	0	16
3	0	1	17
3	1	0	17
3	0	0	17
3	0	0	17
3	0	0	17
3	1	1	17
3	0	0	17
3	0	1	17
1	0	1	14
1	0	0	14
1	0	0	14
1	0	1	14
1	0	0	14
1	0	1	14
1	0	0	14
1	0	0	14
2	0	1	5
2	0	0	5
2	0	0	5
2	0	0	5
2	0	1	5
2	0	1	5
2	0	0	5
2	0	1	5
3	0	0	12
3	0	0	12
3	0	1	12
3	0	1	12
3	1	0	12
3	0	1	12
3	1	1	12
3	0	1	12
1	0	1	9
1	0	0	9
1	0	0	9
1	0	0	9
1	0	1	9
1	0	0	9
1	0	0	9
1	0	0	9
2	0	0	10
2	0	0	10
2	0	0	10
2	0	0	10
2	0	0	10
2	0	0	10
2	0	1	10
2	0	0	10
1	0	1	4
1	0	0	4
1	0	0	4
1	0	0	4
1	0	0	4
1	0	0	4
1	0	1	4
1	0	1	4
2	0	0	11
1	0	0	9
2	0	1	11
1	0	0	9
2	0	0	11
1	0	0	9
1	0	1	9
2	0	0	11
2	0	1	11
1	0	0	9
2	0	0	11
2	0	1	11
1	0	0	9
2	0	0	11
1	0	0	9
1	0	0	9
3	0	0	13
3	0	1	13
3	0	1	13
3	0	1	13
3	1	1	13
2	0	0	15
3	1	1	13
3	0	0	13
2	0	1	15
3	0	0	13
2	0	0	15
2	0	1	15
2	0	1	15
2	0	1	15
2	0	1	15
2	0	0	15
1	0	1	14
1	0	0	14
1	0	1	14
1	0	0	14
1	0	0	14
1	0	0	14
1	0	1	14
1	0	0	14
3	0	0	17
3	1	1	7
3	0	1	17
3	0	1	7
3	0	1	7
3	0	0	17
3	0	1	7
3	1	0	17
3	0	0	7
3	0	1	17
3	1	1	7
3	0	1	7
3	1	1	17
3	0	0	7
3	0	0	17
3	0	1	17
3	0	0	17
3	0	1	17
3	1	1	17
1	0	0	4
1	0	0	4
3	1	1	17
2	0	0	15
3	0	0	17
1	0	0	4
3	0	1	17
1	0	1	4
3	0	0	17
3	0	0	17
1	0	0	4
2	0	1	15
1	0	0	4
1	0	0	4
2	0	0	15
1	0	0	4
2	0	0	15
2	0	1	15
2	0	0	15
2	0	0	15
2	0	1	15
3	0	0	8
3	0	0	8
3	0	0	8
3	0	0	8
3	0	1	8
3	0	0	8
3	1	0	8
3	1	1	8
3	0	1	7
2	0	0	10
3	0	1	7
3	0	1	7
2	0	1	5
2	0	0	10
2	0	1	10
2	0	0	5
2	0	0	10
2	0	0	10
2	0	0	10
2	0	0	10
3	1	1	7
2	0	1	10
2	0	0	5
3	1	1	12
3	0	0	12
3	0	0	7
3	0	1	12
3	0	1	12
3	0	1	7
3	0	1	12
3	0	0	12
3	0	0	7
3	1	1	12
3	0	0	12
2	0	0	5
3	1	1	7
2	0	0	5
2	0	1	5
3	0	0	13
3	0	0	13
2	0	0	5
3	0	1	13
3	1	0	13
2	0	0	5
3	0	0	13
2	0	0	6
3	0	1	13
2	0	0	6
2	0	0	6
3	1	1	13
3	0	1	13
2	0	0	6
2	0	0	6
1	0	0	14
1	0	1	14
2	0	0	6
1	0	0	14
2	0	0	6
1	0	1	14
1	0	0	14
2	0	1	6
1	0	0	14
3	0	0	8
1	0	0	14
1	0	1	14
3	0	0	8
3	1	1	8
3	1	1	8
3	0	1	18
3	1	0	18
3	0	0	8
3	0	1	18
3	0	0	8
2	0	0	5
3	0	1	18
2	0	0	5
3	0	0	8
2	0	0	5
3	0	0	12
2	0	1	5
3	0	1	18
3	0	0	12
3	0	0	8
3	1	1	12
2	0	1	5
3	1	1	18
2	0	0	5
3	0	1	12
3	0	1	8
3	0	0	8
2	0	0	5
3	0	1	18
2	0	0	5
3	0	1	18
3	0	1	12
3	0	1	8
3	0	0	12
3	0	0	8
3	1	0	12
3	0	1	12
3	1	1	8
3	0	0	8
3	1	1	8
3	0	0	7
3	0	1	8
3	1	0	7
3	0	1	18
3	1	1	18
3	0	1	7
2	0	1	16
3	0	1	18
2	0	0	16
3	0	1	7
2	0	0	16
3	0	1	18
3	1	1	8
3	0	1	18
3	0	0	8
3	0	1	7
3	1	1	8
2	0	0	16
3	0	0	8
3	0	1	18
3	0	1	18
3	0	1	8
3	1	1	7
3	0	0	18
3	0	1	8
2	0	0	16
3	0	1	8
3	1	0	18
3	0	1	7
2	0	0	16
3	0	0	8
3	0	1	7
2	0	0	16
2	0	1	16
3	1	1	18
3	0	1	18
2	0	1	10
2	0	0	10
2	0	1	10
3	0	0	18
2	0	1	10
2	0	0	10
2	0	1	10
3	0	1	18
2	0	0	15
1	0	0	14
1	0	0	14
2	0	0	15
2	0	0	10
2	0	0	15
1	0	1	14
3	1	0	18
2	0	0	15
1	0	0	14
2	0	1	10
2	0	1	15
3	0	1	8
1	0	1	14
2	0	0	15
1	0	1	14
2	0	0	15
1	0	0	14
2	0	0	15
1	0	0	14
3	0	0	8
3	0	1	18
2	0	1	15
3	1	1	8
2	0	1	15
3	0	1	8
2	0	1	15
2	0	1	15
2	0	0	15
2	0	0	15
3	0	0	18
3	1	1	8
2	0	1	15
3	0	0	8
3	0	1	8
2	0	0	15
3	0	1	8
1	0	0	9
1	0	0	9
1	0	0	9
1	0	1	9
1	0	0	9
2	0	1	16
1	0	0	9
2	0	1	16
1	0	1	9
2	0	1	16
1	0	1	14
1	0	0	9
2	0	0	16
2	0	0	16
3	0	0	18
2	0	0	16
3	0	1	13
2	0	1	16
1	0	0	14
3	1	1	13
2	0	0	16
3	0	1	18
1	0	0	14
3	0	0	13
1	0	0	14
1	0	0	14
3	0	0	13
3	1	1	18
3	0	0	13
1	0	1	14
3	0	0	13
1	0	1	14
3	0	1	13
3	0	1	18
1	0	0	14
1	0	0	14
3	1	0	13
1	0	0	14
1	0	0	14
1	0	0	14
3	0	1	18
2	0	1	11
1	0	0	14
2	0	0	11
1	0	0	14
2	0	0	11
1	0	0	14
2	0	1	11
3	1	1	18
3	0	1	18
1	0	0	14
2	0	0	11
3	0	0	18
2	0	1	11
2	0	1	11
2	0	0	11
1	0	0	9
1	0	1	9
1	0	0	9
1	0	1	9
1	0	0	9
1	0	0	9
3	0	0	12
1	0	0	9
1	0	1	9
3	1	1	12
3	0	1	12
3	0	0	12
3	0	0	12
1	0	1	9
1	0	0	9
3	1	1	12
2	0	0	16
2	0	0	6
3	0	1	12
1	0	0	9
2	0	0	6
1	0	1	9
2	0	1	6
2	0	1	16
2	0	0	6
3	0	1	12
1	0	1	9
2	0	1	6
2	0	0	16
2	0	1	16
2	0	1	6
1	0	0	9
1	0	0	9
2	0	1	6
2	0	0	6
1	0	1	9
2	0	0	16
2	0	0	16
2	0	1	16
3	0	1	7
2	0	0	16
3	1	1	7
3	0	0	7
3	0	0	7
2	0	1	6
3	0	1	7
2	0	0	6
3	0	1	7
3	1	1	7
2	0	1	11
3	0	0	7
2	0	0	6
2	0	1	11
2	0	1	15
2	0	1	11
2	0	0	15
2	0	0	15
2	0	0	11
2	0	0	6
2	0	1	15
2	0	0	15
2	0	0	11
2	0	1	15
2	0	0	6
2	0	0	11
2	0	0	15
2	0	1	6
2	0	0	11
2	0	0	15
2	0	0	15
2	0	1	11
2	0	1	15
1	0	1	14
1	0	0	14
2	0	0	6
2	0	0	15
1	0	1	14
2	0	1	15
1	0	0	14
1	0	0	14
2	0	0	6
2	0	0	15
1	0	0	14
1	0	1	14
1	0	0	14
2	0	0	15
1	0	0	4
1	0	0	4
2	0	0	15
1	0	0	4
1	0	0	4
1	0	1	4
1	0	0	4
2	0	1	15
1	0	0	4
1	0	1	4
3	0	0	8
3	0	0	8
3	0	1	8
3	0	1	8
3	0	1	13
3	0	1	8
3	0	1	7
3	0	0	8
3	0	0	13
3	0	1	7
3	1	1	8
3	1	1	8
3	0	0	7
3	1	0	13
3	1	1	7
3	1	1	13
3	0	0	7
1	0	1	4
3	0	0	17
1	0	0	4
3	0	1	13
3	0	1	7
1	0	0	4
2	0	1	11
1	0	0	4
3	1	0	7
3	0	1	17
2	0	0	11
1	0	0	4
3	0	1	13
3	0	1	7
1	0	0	4
3	0	1	17
1	0	0	4
1	0	0	4
2	0	0	11
3	0	1	13
3	0	0	17
3	0	0	13
2	0	1	11
3	0	0	17
2	0	0	11
3	0	1	17
3	1	1	17
3	1	1	17
2	0	1	11
3	0	0	18
2	0	0	11
3	0	1	18
3	0	1	18
3	0	1	18
2	0	0	11
3	1	0	18
3	0	0	18
2	0	1	5
3	0	0	18
2	0	0	5
2	0	0	5
3	0	0	17
3	1	0	18
3	1	0	17
2	0	0	5
3	0	0	17
2	0	1	5
3	0	0	17
3	0	1	17
2	0	0	10
3	1	1	17
2	0	1	10
2	0	1	5
2	0	1	10
3	0	1	17
3	0	1	12
3	0	1	17
2	0	0	10
2	0	1	5
2	0	0	10
2	0	1	5
2	0	0	5
2	0	0	10
2	0	0	10
3	0	1	12
2	0	0	10
2	0	0	5
3	0	0	12
2	0	1	10
2	0	1	5
3	0	0	12
2	0	1	10
3	0	1	12
2	0	0	5
2	0	0	10
2	0	1	10
3	1	1	12
2	0	0	10
2	0	0	5
2	0	0	5
2	0	0	10
2	0	1	16
3	1	0	12
2	0	0	5
2	0	1	6
2	0	0	10
2	0	0	16
2	0	0	6
2	0	0	10
2	0	1	16
2	0	0	6
2	0	1	5
2	0	1	16
2	0	1	6
2	0	1	16
2	0	0	6
3	0	1	12
2	0	1	16
3	1	1	18
2	0	1	6
2	0	0	16
3	0	0	18
2	0	1	6
2	0	0	6
3	1	1	18
2	0	0	16
3	0	1	18
3	0	1	18
3	0	1	18
3	0	1	18
3	0	1	18
2	0	1	16
2	0	0	16
2	0	0	16
2	0	1	16
3	0	0	12
2	0	1	16
2	0	1	16
2	0	0	16
2	0	0	16
3	1	1	12
2	0	0	5
2	0	0	5
3	0	1	12
2	0	0	5
2	0	0	6
2	0	1	5
3	0	1	12
2	0	1	5
2	0	0	5
2	0	0	6
3	1	1	17
2	0	1	5
2	0	0	6
3	0	0	17
3	0	1	12
2	0	0	5
2	0	0	6
3	0	0	17
3	1	0	12
2	0	0	6
3	0	0	17
3	1	0	17
2	0	1	6
2	0	0	6
3	0	1	12
2	0	1	5
3	0	1	17
2	0	0	5
3	0	1	17
2	0	0	5
3	0	0	17
2	0	0	6
3	0	1	12
2	0	0	5
2	0	1	5
2	0	1	5
2	0	0	5
2	0	1	5
2	0	0	15
2	0	1	15
2	0	1	15
2	0	0	15
2	0	0	15
2	0	0	15
2	0	1	16
2	0	0	15
2	0	0	6
2	0	1	16
2	0	1	16
3	0	1	12
2	0	1	15
2	0	1	16
2	0	1	6
3	1	0	12
2	0	1	11
2	0	1	16
2	0	1	11
2	0	0	6
3	0	0	12
2	0	0	16
2	0	1	11
2	0	1	6
3	0	0	12
2	0	0	16
2	0	0	11
3	0	1	12
2	0	0	16
3	0	1	12
2	0	0	6
2	0	0	11
2	0	0	11
2	0	0	6
2	0	1	11
3	1	1	12
3	0	0	12
2	0	0	6
2	0	1	11
2	0	1	6
2	0	1	10
1	0	1	4
1	0	0	4
2	0	0	10
1	0	1	4
2	0	0	10
1	0	1	4
1	0	0	4
1	0	0	4
2	0	0	10
1	0	0	4
2	0	1	10
1	0	0	4
2	0	0	10
2	0	0	5
2	0	1	10
2	0	0	5
2	0	1	10
2	0	1	5
2	0	1	5
1	0	0	4
1	0	0	4
2	0	1	5
1	0	1	4
2	0	0	5
1	0	0	4
2	0	0	5
1	0	0	4
1	0	0	4
2	0	0	5
2	0	0	6
1	0	0	4
1	0	1	4
2	0	1	6
2	0	1	6
3	0	1	13
2	0	0	6
3	0	0	13
2	0	0	6
3	0	1	8
2	0	1	6
3	0	0	13
3	0	0	8
2	0	0	6
2	0	1	6
3	1	0	8
3	1	0	13
3	1	1	8
3	0	0	8
3	0	1	8
3	1	1	8
3	0	1	13
3	0	1	8
3	0	0	8
3	0	1	8
2	0	0	11
3	1	0	13
3	0	1	13
3	0	0	8
3	0	1	13
3	0	1	8
2	0	1	11
3	0	1	8
3	1	1	13
3	0	1	13
2	0	1	11
2	0	0	11
3	0	1	8
3	0	1	13
3	0	0	8
3	0	0	13
3	1	1	8
3	0	1	13
3	0	1	13
3	0	1	18
2	0	1	11
3	1	0	13
3	0	0	13
3	0	0	18
2	0	1	11
3	0	1	18
2	0	0	11
2	0	0	11
3	0	0	18
3	1	1	18
3	0	0	18
3	1	1	18
2	0	0	10
2	0	0	10
2	0	1	10
3	0	0	13
3	0	0	13
3	0	1	18
2	0	0	10
3	0	1	13
2	0	0	10
2	0	0	10
3	0	1	13
3	0	1	7
2	0	1	10
3	0	0	17
3	1	0	13
3	0	0	13
3	0	0	17
2	0	0	10
3	0	1	7
3	1	1	13
2	0	0	10
3	0	1	7
3	0	1	13
3	1	0	7
3	0	0	13
3	0	1	7
3	0	0	17
3	0	0	13
2	0	0	10
3	0	0	7
3	1	1	13
3	0	0	17
3	0	1	7
2	0	0	10
3	0	0	13
3	1	1	7
3	1	0	17
3	0	1	17
2	0	1	10
3	1	1	13
3	0	0	13
3	1	0	17
2	0	0	10
3	0	1	13
3	0	0	17
3	0	1	13
2	0	0	15
2	0	0	10
2	0	0	10
2	0	1	15
3	0	1	18
1	0	0	14
2	0	0	15
2	0	1	10
1	0	1	14
3	0	0	18
1	0	1	14
2	0	1	15
3	1	1	18
1	0	0	14
1	0	1	14
3	0	1	18
2	0	0	15
1	0	0	14
3	0	1	18
1	0	1	14
2	0	0	15
3	1	1	18
1	0	0	14
3	0	1	18
2	0	0	15
3	0	0	18
2	0	1	15
2	0	0	11
2	0	0	11
2	0	1	11
2	0	1	11
2	0	1	11
2	0	0	11
2	0	1	11
2	0	1	11
3	0	0	17
3	1	1	17
2	0	1	11
2	0	1	11
3	0	1	17
2	0	0	11
1	0	0	9
2	0	1	11
1	0	1	9
1	0	1	9
2	0	1	11
3	1	0	17
1	0	0	9
1	0	0	9
2	0	1	6
1	0	0	9
2	0	1	11
1	0	1	9
3	0	0	17
2	0	0	6
1	0	0	9
1	0	1	9
2	0	1	11
1	0	0	9
1	0	0	9
2	0	0	6
2	0	0	11
1	0	0	9
3	0	0	8
1	0	0	9
3	0	0	17
1	0	1	9
1	0	0	9
1	0	0	9
2	0	0	6
3	1	1	8
3	0	1	17
3	0	1	8
2	0	0	6
3	0	1	8
2	0	0	6
3	0	0	17
3	1	1	8
2	0	0	6
3	0	1	8
2	0	0	6
3	0	0	8
3	0	1	8
2	0	0	11
3	0	0	17
2	0	1	11
2	0	0	11
3	0	0	17
2	0	1	11
3	0	1	17
2	0	1	11
3	0	0	17
2	0	0	11
3	1	0	17
2	0	1	16
2	0	1	11
3	0	1	17
2	0	1	11
3	1	1	17
3	0	1	7
2	0	0	16
3	0	0	17
1	0	0	9
1	0	0	9
1	0	1	4
1	0	1	9
1	0	0	4
3	0	1	7
1	0	0	9
1	0	0	4
1	0	0	9
2	0	0	16
1	0	0	9
3	1	1	7
1	0	0	4
1	0	0	9
1	0	0	4
1	0	0	4
1	0	0	9
1	0	0	4
1	0	0	4
2	0	0	16
3	0	0	7
2	0	0	16
3	1	0	7
2	0	0	16
3	0	0	7
2	0	0	16
3	0	1	7
1	0	0	14
1	0	0	9
2	0	0	16
1	0	1	9
1	0	0	14
3	0	1	7
1	0	0	9
1	0	1	14
1	0	0	9
1	0	0	14
1	0	1	14
1	0	0	9
1	0	1	14
1	0	0	9
1	0	0	14
3	0	0	17
1	0	0	9
1	0	0	14
1	0	0	9
3	0	1	17
2	0	0	10
3	0	1	17
2	0	0	10
3	0	1	12
2	0	0	10
3	0	1	12
2	0	1	10
2	0	1	10
3	0	0	12
3	1	0	17
2	0	0	10
2	0	0	10
3	0	0	17
2	0	0	10
3	0	1	17
3	0	0	17
3	1	0	17
1	0	1	4
1	0	0	4
3	0	0	18
3	1	1	12
3	0	0	12
1	0	0	4
3	0	0	18
3	0	0	12
3	0	1	12
2	0	0	10
3	0	0	18
1	0	1	4
3	1	1	12
2	0	0	10
3	0	0	12
3	1	1	12
2	0	0	10
1	0	0	4
3	0	0	18
3	0	0	12
2	0	0	10
3	0	1	18
3	0	0	12
2	0	0	10
3	0	0	12
1	0	0	4
2	0	1	10
3	1	1	18
1	0	0	4
2	0	0	10
3	0	1	12
3	1	1	18
2	0	1	10
3	0	1	18
1	0	1	4
3	0	0	18
3	0	0	12
3	0	1	18
3	1	1	12
3	1	1	18
3	0	1	18
3	0	0	18
3	0	1	18
1	0	0	14
3	0	1	18
1	0	1	14
3	1	1	18
1	0	1	14
1	0	0	14
1	0	0	14
1	0	0	14
1	0	0	14
2	0	1	6
3	0	1	7
2	0	0	6
2	0	1	15
1	0	0	14
3	0	1	7
2	0	1	15
2	0	0	6
3	1	1	7
2	0	0	6
3	0	1	7
2	0	0	15
2	0	0	6
3	0	0	17
3	0	1	7
3	0	1	7
2	0	1	6
3	0	0	17
3	0	1	7
3	1	1	17
2	0	1	6
2	0	0	15
2	0	1	6
3	0	1	7
3	0	0	17
3	1	1	7
2	0	1	15
3	1	1	17
3	0	1	17
2	0	0	15
3	1	1	7
3	0	1	7
3	0	1	17
3	0	1	7
2	0	0	15
3	0	0	17
3	0	1	7
3	1	0	7
2	0	1	15
3	0	1	7
3	0	0	7
3	0	1	7
3	1	1	7
2	0	0	16
2	0	0	16
2	0	1	16
3	0	1	7
2	0	0	16
2	0	0	16
3	0	1	7
2	0	1	16
2	0	0	6
2	0	1	16
2	0	0	6
3	1	0	7
2	0	1	6
1	0	0	9
2	0	1	16
1	0	0	9
2	0	0	10
2	0	0	6
1	0	0	9
2	0	0	6
2	0	0	16
1	0	1	9
2	0	1	10
3	0	1	7
1	0	0	9
1	0	0	9
2	0	1	6
1	0	0	9
2	0	1	10
2	0	0	6
2	0	1	10
3	0	0	7
1	0	1	9
2	0	0	10
2	0	1	6
3	0	1	7
2	0	0	10
2	0	1	16
2	0	1	10
2	0	1	16
2	0	0	10
2	0	0	16
2	0	0	16
2	0	0	16
2	0	0	16
2	0	1	16
2	0	1	15
2	0	0	15
2	0	1	15
2	0	0	15
2	0	0	15
2	0	0	15
3	0	0	12
2	0	0	15
2	0	1	5
2	0	1	15
3	0	1	12
2	0	0	15
2	0	0	15
2	0	0	15
2	0	0	5
2	0	1	15
3	1	1	12
2	0	1	15
3	0	1	12
2	0	1	15
3	0	1	12
2	0	0	15
2	0	1	5
3	0	0	12
2	0	0	15
2	0	1	11
3	0	1	12
2	0	0	5
2	0	1	11
3	0	1	12
3	1	1	12
2	0	1	11
3	0	0	12
2	0	1	5
2	0	1	11
3	0	1	12
3	0	0	12
2	0	1	11
2	0	1	5
3	1	1	12
2	0	0	11
2	0	1	5
3	1	1	12
2	0	1	11
3	0	1	12
1	0	0	4
2	0	0	11
1	0	0	4
2	0	1	5
1	0	0	4
1	0	0	4
1	0	0	4
3	0	1	12
1	0	0	14
1	0	0	4
1	0	0	14
1	0	0	4
1	0	0	14
1	0	1	14
1	0	0	4
1	0	0	14
1	0	0	14
1	0	1	14
1	0	0	14
2	0	0	5
2	0	1	5
2	0	1	5
2	0	0	5
2	0	1	5
2	0	0	5
2	0	0	5
2	0	1	5
2	0	1	5
2	0	1	5
3	1	1	13
2	0	0	5
2	0	1	5
2	0	0	11
3	0	1	13
2	0	1	5
2	0	1	5
3	1	1	13
2	0	1	11
2	0	0	5
2	0	0	5
3	0	1	13
2	0	1	5
2	0	1	5
2	0	0	11
1	0	0	4
1	0	0	4
3	0	1	13
2	0	1	5
1	0	0	4
3	0	1	13
1	0	0	4
2	0	0	5
2	0	0	5
1	0	0	4
3	0	0	13
1	0	0	4
2	0	0	11
2	0	1	5
1	0	0	4
2	0	0	5
3	0	1	13
1	0	0	4
2	0	1	5
2	0	0	11
2	0	1	11
2	0	1	11
3	0	1	7
2	0	1	11
3	0	1	7
3	1	0	7
3	0	0	7
3	1	1	7
3	0	0	7
3	0	1	7
3	0	1	7
3	0	1	12
2	0	1	5
2	0	0	5
3	0	0	12
2	0	1	5
3	1	0	12
2	0	1	5
3	0	1	12
3	0	0	12
2	0	0	5
3	1	1	12
3	0	1	12
3	0	0	12
3	1	1	12
3	0	0	12
2	0	0	5
3	0	1	12
3	0	0	12
2	0	0	5
3	0	1	12
1	0	0	9
3	0	0	12
3	0	0	12
3	1	1	12
1	0	0	9
2	0	1	5
1	0	1	9
1	0	0	9
1	0	0	9
1	0	1	9
1	0	0	9
1	0	0	9
2	0	1	6
2	0	1	6
2	0	0	15
2	0	0	6
2	0	1	15
2	0	0	6
2	0	0	15
2	0	0	15
2	0	0	6
2	0	0	15
2	0	0	15
2	0	0	6
3	0	1	7
2	0	0	16
1	0	0	14
2	0	1	15
3	0	1	7
2	0	1	16
2	0	1	6
1	0	0	14
2	0	1	15
2	0	1	16
1	0	0	14
3	0	1	7
2	0	1	16
1	0	0	14
3	0	1	7
1	0	1	14
2	0	0	6
3	0	1	7
2	0	0	16
1	0	0	14
3	0	0	7
2	0	0	16
1	0	0	14
2	0	1	10
1	0	0	14
3	1	0	7
2	0	0	16
2	0	0	10
2	0	1	16
3	1	0	7
2	0	0	10
2	0	0	10
2	0	0	10
2	0	1	10
2	0	1	10
2	0	0	10
3	0	0	13
3	0	1	13
3	1	1	13
3	0	1	18
3	0	1	13
3	1	1	8
3	0	0	13
2	0	0	5
3	1	1	18
3	0	1	13
2	0	0	5
3	0	0	13
2	0	0	5
3	0	1	18
3	0	1	8
3	1	1	13
2	0	1	5
3	1	1	18
2	0	1	5
3	0	0	18
2	0	1	5
3	0	1	8
2	0	0	5
3	0	0	18
2	0	1	5
3	0	1	8
3	0	0	8
3	0	1	18
3	0	0	8
3	0	1	18
3	1	1	8
3	0	1	8
3	1	1	18
3	0	0	18
3	0	0	18
3	0	0	8
3	0	0	18
3	0	1	18
3	0	0	8
3	0	1	18
3	1	1	18
3	0	0	13
3	1	1	8
3	0	1	18
3	0	0	13
3	0	1	8
3	1	0	13
3	0	1	13
3	0	1	8
3	1	1	13
3	0	1	13
3	0	0	8
3	0	0	13
3	0	1	13
2	0	1	6
2	0	0	6
2	0	1	6
3	0	0	8
2	0	0	6
3	1	1	8
2	0	0	6
2	0	0	6
2	0	0	6
3	0	0	18
2	0	0	6
3	0	0	18
1	0	0	14
1	0	0	14
3	0	1	18
1	0	0	14
1	0	0	14
1	0	1	14
3	1	1	18
1	0	0	14
1	0	0	14
1	0	0	14
3	1	0	18
3	0	1	18
3	0	0	18
3	0	0	18
3	0	0	17
3	0	0	17
2	0	0	16
2	0	0	16
3	1	1	17
3	0	0	17
3	0	0	17
2	0	1	16
3	0	0	17
2	0	0	16
3	1	1	17
3	0	1	17
2	0	0	16
2	0	0	16
2	0	0	16
2	0	1	16
2	0	0	16
2	0	0	16
2	0	1	16
1	0	1	9
2	0	1	16
2	0	1	16
1	0	0	9
2	0	1	16
2	0	0	16
1	0	0	9
2	0	1	16
1	0	0	9
1	0	1	9
1	0	0	9
1	0	0	9
1	0	1	9
3	0	0	8
3	0	1	8
3	0	0	8
3	1	0	13
3	0	1	8
3	0	1	13
3	0	1	8
3	1	1	13
3	0	0	8
3	0	0	13
3	1	0	8
3	0	0	13
3	1	1	8
3	0	0	17
3	0	0	17
3	0	1	17
3	1	1	17
3	0	0	17
3	0	1	17
3	0	1	13
3	0	0	17
3	1	1	17
3	0	1	13
3	0	1	13
3	0	1	13
3	1	0	13
3	0	1	13
3	1	1	13
3	1	1	17
3	0	0	13
3	0	0	13
3	0	1	17
3	0	0	13
3	0	0	17
3	0	1	13
3	0	0	17
3	0	0	17
3	0	0	17
3	0	0	17
2	0	0	6
3	1	1	17
1	0	0	14
2	0	0	6
1	0	0	14
1	0	1	14
2	0	1	6
1	0	0	14
1	0	0	14
2	0	1	6
1	0	1	14
1	0	0	14
2	0	0	6
1	0	1	14
2	0	0	6
2	0	1	6
2	0	0	6
3	0	1	7
3	0	1	7
3	1	1	7
3	0	1	7
3	1	1	7
2	0	1	11
3	0	0	7
2	0	1	11
3	0	1	7
2	0	1	11
3	0	0	7
2	0	1	11
2	0	0	11
2	0	0	11
2	0	1	11
2	0	1	11
1	0	0	4
1	0	0	4
1	0	0	4
1	0	0	4
1	0	0	4
1	0	0	4
1	0	0	4
1	0	1	4
1	0	0	4
1	0	1	4
1	0	0	4
1	0	0	4
1	0	1	4
1	0	0	4
1	0	0	4
1	0	0	4
2	0	0	11
2	0	1	11
2	0	0	11
2	0	1	11
2	0	0	11
2	0	1	11
2	0	1	11
1	0	0	9
2	0	1	11
1	0	0	9
1	0	0	9
1	0	0	9
1	0	1	9
1	0	0	9
1	0	0	9
1	0	1	9
3	0	1	8
3	0	1	8
3	0	0	8
3	0	0	8
3	1	0	8
3	1	1	8
3	0	0	8
3	0	1	8
2	0	0	10
2	0	1	10
2	0	1	10
2	0	1	10
2	0	1	10
2	0	0	10
2	0	0	10
2	0	1	10
2	0	0	15
2	0	1	15
2	0	1	15
2	0	0	15
2	0	0	15
2	0	0	15
2	0	0	15
2	0	0	15
1	0	0	4
1	0	1	4
1	0	0	4
1	0	1	4
1	0	1	4
1	0	0	4
1	0	0	4
1	0	0	4
3	0	0	12
3	0	0	12
3	1	1	12
3	0	1	12
3	0	0	12
3	0	1	12
3	1	0	12
3	0	1	12
2	0	0	16
2	0	0	16
2	0	1	16
2	0	1	16
2	0	0	16
2	0	1	16
2	0	0	16
2	0	0	16
3	0	1	17
3	0	0	17
3	0	1	17
3	0	1	17
3	1	1	17
3	1	1	17
3	0	1	17
3	0	1	17
1	0	1	14
1	0	1	14
1	0	0	14
1	0	0	14
1	0	0	14
1	0	0	14
1	0	1	14
1	0	0	14
1	0	0	4
1	0	0	4
1	0	0	4
1	0	0	4
1	0	1	4
1	0	0	4
1	0	1	4
1	0	0	4
3	0	0	12
3	0	1	12
3	0	0	12
3	1	1	12
3	0	0	12
3	0	0	12
3	0	0	12
2	0	1	16
3	1	0	12
2	0	1	16
2	0	1	16
2	0	1	16
2	0	1	16
2	0	0	16
2	0	0	16
2	0	1	16
3	0	0	8
3	0	1	8
3	0	1	8
3	1	1	8
3	0	0	8
3	0	1	8
3	1	1	8
2	0	1	11
3	0	0	8
2	0	0	11
2	0	1	11
2	0	0	11
2	0	1	11
2	0	0	11
2	0	0	11
2	0	1	11
2	0	1	10
2	0	1	10
2	0	0	10
2	0	0	10
2	0	0	10
2	0	0	10
2	0	1	10
2	0	0	10
2	0	0	10
2	0	1	10
2	0	0	10
2	0	0	10
2	0	0	10
2	0	1	10
2	0	0	10
2	0	1	10
2	0	0	11
2	0	0	11
2	0	1	11
2	0	0	11
2	0	0	11
2	0	0	11
3	0	0	8
2	0	1	11
3	1	1	8
2	0	1	11
3	0	1	8
3	1	1	8
3	0	1	8
3	0	0	8
3	0	1	8
3	0	1	8
1	0	0	14
1	0	1	14
1	0	0	14
1	0	0	14
1	0	0	14
1	0	0	14
1	0	0	14
1	0	0	14
2	0	0	6
2	0	0	6
2	0	0	6
2	0	0	6
2	0	0	6
2	0	1	6
2	0	1	6
2	0	1	6
2	0	1	6
2	0	1	6
3	0	1	7
2	0	0	6
2	0	0	6
2	0	0	6
3	0	1	7
2	0	0	6
3	1	1	7
2	0	0	6
2	0	1	6
3	1	1	7
3	0	1	7
3	0	1	7
3	0	1	7
3	0	1	7
3	0	0	17
3	1	0	17
3	0	1	17
2	0	1	15
2	0	1	15
3	1	1	17
3	0	0	17
3	0	1	17
2	0	0	15
3	0	1	17
3	0	0	17
2	0	1	15
2	0	0	15
2	0	0	15
2	0	0	15
2	0	1	15
1	0	0	4
1	0	0	4
1	0	0	4
1	0	0	4
1	0	0	4
1	0	1	4
1	0	1	4
1	0	0	4
3	0	0	13
3	1	1	13
3	1	1	13
3	0	0	13
3	0	1	13
3	0	1	13
3	0	1	13
3	0	1	13
3	0	1	7
3	1	1	7
3	0	0	7
3	1	1	7
3	0	1	7
3	0	1	7
3	0	1	7
3	0	1	7
3	0	1	12
3	0	1	12
3	1	0	12
3	0	1	12
3	0	0	12
3	1	1	12
3	0	1	12
3	0	0	12
2	0	0	5
2	0	1	5
2	0	1	5
2	0	0	5
2	0	1	5
2	0	1	5
2	0	1	5
1	0	1	9
1	0	1	9
1	0	1	9
1	0	1	9
2	0	1	5
1	0	0	9
1	0	0	9
1	0	0	9
1	0	0	9
2	0	1	15
2	0	0	5
2	0	0	15
2	0	0	5
2	0	0	15
2	0	0	5
2	0	0	15
2	0	1	5
2	0	1	15
2	0	0	5
2	0	1	5
2	0	1	15
2	0	1	5
2	0	0	15
2	0	0	5
2	0	0	15
3	0	1	18
3	1	1	18
3	0	0	13
3	0	0	18
3	1	1	18
3	0	1	13
3	0	1	18
3	1	0	13
3	0	1	18
3	1	1	13
3	0	1	18
3	0	1	18
3	0	1	13
3	0	0	13
3	0	0	13
3	0	1	13
3	1	1	18
3	1	1	18
3	0	1	18
3	0	1	18
3	0	1	18
3	0	1	18
3	0	0	18
3	0	1	18
1	0	1	9
1	0	0	9
1	0	0	9
1	0	0	9
1	0	0	9
1	0	0	9
1	0	0	9
1	0	1	9
2	0	1	16
2	0	1	16
2	0	1	16
2	0	1	16
2	0	0	16
2	0	1	16
2	0	0	16
2	0	0	16
2	0	1	15
2	0	0	15
2	0	0	15
2	0	0	15
2	0	1	15
2	0	0	15
2	0	1	15
2	0	0	15
1	0	0	4
1	0	0	4
1	0	0	4
1	0	0	4
1	0	0	4
1	0	0	4
1	0	0	4
1	0	0	4
1	0	1	14
1	0	1	14
1	0	0	14
1	0	0	14
1	0	0	14
1	0	1	14
1	0	1	14
1	0	0	14
2	0	0	10
2	0	0	10
2	0	0	10
2	0	0	10
2	0	0	10
2	0	1	10
2	0	0	10
2	0	0	10
2	0	1	6
2	0	0	6
2	0	1	6
2	0	1	6
2	0	0	6
2	0	0	6
2	0	1	6
2	0	0	6
2	0	1	16
2	0	0	16
2	0	0	16
2	0	0	16
2	0	0	16
2	0	1	16
2	0	0	16
2	0	1	16
2	0	0	5
2	0	1	5
2	0	0	5
2	0	0	5
2	0	0	5
2	0	1	5
2	0	0	5
2	0	1	5
3	0	0	8
3	0	0	8
3	0	0	8
3	1	1	8
3	1	1	8
3	0	0	8
3	0	1	8
3	0	0	8
2	0	0	11
2	0	1	11
2	0	1	11
2	0	0	11
2	0	1	11
2	0	0	11
2	0	0	11
2	0	1	11
3	0	1	13
3	0	1	13
3	0	0	13
3	1	1	13
3	0	1	13
3	0	0	13
3	1	1	13
3	0	0	13
3	0	1	12
3	0	1	12
3	0	1	12
3	1	1	12
3	0	0	12
3	0	1	12
3	0	1	12
3	1	0	12
3	0	0	7
3	0	1	7
3	0	1	7
3	1	1	7
3	0	1	7
3	1	1	7
3	0	1	7
3	0	1	7
3	0	0	18
3	1	1	18
3	0	1	18
3	0	1	18
3	0	0	18
3	1	1	18
3	0	1	18
3	0	1	18
1	0	0	9
1	0	0	9
1	0	0	9
1	0	0	9
1	0	1	9
1	0	1	9
1	0	0	9
1	0	1	9
3	1	1	17
3	0	0	17
3	0	0	17
3	0	0	17
3	0	1	17
3	1	1	17
3	0	0	17
3	0	1	17
